"","time_date","bis","entropy","emg","attack"
"1","06/21/2022 19:11:03","93.7","8.4","43.8",0
"2","06/21/2022 19:11:04","93.8","7.9","43.4",0
"3","06/21/2022 19:11:05","93.8","8.4","44.1",0
"4","06/21/2022 19:11:06","93.7","8.2","44.1",0
"5","06/21/2022 19:11:07","93.7","8.1","44",0
"6","06/21/2022 19:11:08","93.3","8","44.8",0
"7","06/21/2022 19:11:09","93.4","8.4","45.8",0
"8","06/21/2022 19:11:10","93.7","8.3","46.5",0
"9","06/21/2022 19:11:11","93.8","8.2","46.9",0
"10","06/21/2022 19:11:12","93.8","8.4","47.2",0
"11","06/21/2022 19:11:13","93.4","8.3","46.9",0
"12","06/21/2022 19:11:14","94","8.4","46.8",0
"13","06/21/2022 19:11:15","94.5","8.7","46.6",0
"14","06/21/2022 19:11:16","94.8","8.4","46.4",0
"15","06/21/2022 19:11:17","94.8","8","46.7",0
"16","06/21/2022 19:11:18","94.8","8.5","46.8",0
"17","06/21/2022 19:11:19","94.8","8","47.1",0
"18","06/21/2022 19:11:20","94.8","8.4","47.3",0
"19","06/21/2022 19:11:21","94.8","8.5","46.8",0
"20","06/21/2022 19:11:22","95.3","8.2","47",0
"21","06/21/2022 19:11:23","95.8","8.4","48.8",0
"22","06/21/2022 19:11:24","95.8","8.6","49.8",0
"23","06/21/2022 19:11:25","95.8","7.8","51.1",0
"24","06/21/2022 19:11:26","95.8","7.1","52.2",0
"25","06/21/2022 19:11:27","95.8","10.1","52.3",0
"26","06/21/2022 19:11:28","95.8","8.8","51.7",0
"27","06/21/2022 19:11:29","95.9","9.6","53.6",0
"28","06/21/2022 19:11:30","95.9","8.3","52.7",0
"29","06/21/2022 19:11:31","95.9","8.3","52.3",0
"30","06/21/2022 19:11:32","95.9","9.3","51.9",0
"31","06/21/2022 19:11:33","96.4","9.2","50.8",0
"32","06/21/2022 19:11:34","96.1","8.6","47.4",0
"33","06/21/2022 19:11:35","96.3","9","46.9",0
"34","06/21/2022 19:11:36","96","7.9","46.3",0
"35","06/21/2022 19:11:37","96.4","9.7","46.3",0
"36","06/21/2022 19:11:38","96.7","8.8","46",0
"37","06/21/2022 19:11:39","96.7","9.2","45.5",0
"38","06/21/2022 19:11:40","96.7","8.8","46.9",0
"39","06/21/2022 19:11:41","97","8.5","46.9",0
"40","06/21/2022 19:11:42","97","9.2","47",0
"41","06/21/2022 19:11:43","97","8.7","47.3",0
"42","06/21/2022 19:11:44","97","8.9","49.3",0
"43","06/21/2022 19:11:45","97","8.6","48.7",0
"44","06/21/2022 19:11:46","97","9.1","50.2",0
"45","06/21/2022 19:11:47","97.1","8.7","50.8",0
"46","06/21/2022 19:11:48","97.1","8","50.8",0
"47","06/21/2022 19:11:49","97.1","8.6","49.5",0
"48","06/21/2022 19:11:50","97.1","8.5","48.4",0
"49","06/21/2022 19:11:51","97.1","8.6","47.3",0
"50","06/21/2022 19:11:52","97.1","8.6","49.1",0
"51","06/21/2022 19:11:53","97.2","8.9","50.4",0
"52","06/21/2022 19:11:54","97.2","7","51.3",0
"53","06/21/2022 19:11:55","97.3","10","51.4",0
"54","06/21/2022 19:11:56","97.3","8.9","52",0
"55","06/21/2022 19:11:57","97.3","8.5","50.1",0
"56","06/21/2022 19:11:58","97.3","9.1","48.8",0
"57","06/21/2022 19:11:59","97.3","9.2","47.2",0
"58","06/21/2022 19:12:00","97.3","8.4","46.4",0
"59","06/21/2022 19:12:01","97.3","9.2","44.9",0
"60","06/21/2022 19:12:02","97.3","9.2","43.8",0
"61","06/21/2022 19:12:03","97.3","8.6","43.3",0
"62","06/21/2022 19:12:04","97.3","8.7","43.2",0
"63","06/21/2022 19:12:05","97.2","8.4","43",0
"64","06/21/2022 19:12:06","97.2","8.9","43.5",0
"65","06/21/2022 19:12:07","97.2","8.6","43.8",0
"66","06/21/2022 19:12:08","97.2","8.9","44.1",0
"67","06/21/2022 19:12:09","97.2","8.4","44.5",0
"68","06/21/2022 19:12:10","97.2","8.6","45.5",0
"69","06/21/2022 19:12:11","97.2","8.7","45.1",0
"70","06/21/2022 19:12:12","97.2","9","45.6",0
"71","06/21/2022 19:12:13","97.2","8.5","45.8",0
"72","06/21/2022 19:12:14","97.2","8.6","46.6",0
"73","06/21/2022 19:12:15","97.2","8.4","46.4",0
"74","06/21/2022 19:12:16","97.2","9","46.5",0
"75","06/21/2022 19:12:17","97.2","8.4","45.6",0
"76","06/21/2022 19:12:18","97.2","8.6","45.5",0
"77","06/21/2022 19:12:19","97.3","8.2","44.7",0
"78","06/21/2022 19:12:20","97.3","8.8","44.6",0
"79","06/21/2022 19:12:21","97.3","9.1","45.2",0
"80","06/21/2022 19:12:22","97.3","8.5","45.8",0
"81","06/21/2022 19:12:23","97.3","8.8","46.4",0
"82","06/21/2022 19:12:24","97.3","8.6","46.9",0
"83","06/21/2022 19:12:25","97.3","8.4","47.3",0
"84","06/21/2022 19:12:26","97.3","8.3","47.7",0
"85","06/21/2022 19:12:27","97.3","9.2","47.3",0
"86","06/21/2022 19:12:28","97.3","9.2","47.3",0
"87","06/21/2022 19:12:29","97.3","9.2","46.9",0
"88","06/21/2022 19:12:30","97.3","8.8","47.2",0
"89","06/21/2022 19:12:31","97.3","9.5","45.7",0
"90","06/21/2022 19:12:32","97.2","9.1","46.2",0
"91","06/21/2022 19:12:33","97.1","9.1","46.3",0
"92","06/21/2022 19:12:34","97","9","46.3",0
"93","06/21/2022 19:12:35","97","8.6","46.1",0
"94","06/21/2022 19:12:36","97.1","9.1","46.4",0
"95","06/21/2022 19:12:37","97","8.9","45.7",0
"96","06/21/2022 19:12:38","96.4","9.2","44",0
"97","06/21/2022 19:12:39","96.1","8.9","43.5",0
"98","06/21/2022 19:12:40","95.8","8.8","43.7",0
"99","06/21/2022 19:12:41","96.3","8.7","44.8",0
"100","06/21/2022 19:12:42","96.1","8.7","46.1",0
"101","06/21/2022 19:12:43","96.1","9.1","48.9",0
"102","06/21/2022 19:12:44","96","8.8","50.3",0
"103","06/21/2022 19:12:45","96","10.4","49",0
"104","06/21/2022 19:12:46","96","8.6","48.4",0
"105","06/21/2022 19:12:47","96.1","9.2","47.8",0
"106","06/21/2022 19:12:48","95.9","9.2","46",0
"107","06/21/2022 19:12:49","96.3","8.9","44.9",0
"108","06/21/2022 19:12:50","96.3","8.6","47.7",0
"109","06/21/2022 19:12:51","96.3","8.8","51.2",0
"110","06/21/2022 19:12:52","96.3","9.2","54.7",0
"111","06/21/2022 19:12:53","96.3","11","55.5",0
"112","06/21/2022 19:12:54","96.3","8.8","56",0
"113","06/21/2022 19:12:55","96.3","8.7","54.3",0
"114","06/21/2022 19:12:56","96.3","8.9","51.2",0
"115","06/21/2022 19:12:57","96.2","8.5","48.1",0
"116","06/21/2022 19:12:58","96.6","8.8","47.4",0
"117","06/21/2022 19:12:59","96.5","8.2","46.3",0
"118","06/21/2022 19:13:00","96.4","8.8","45.9",0
"119","06/21/2022 19:13:01","96.7","9","45.5",0
"120","06/21/2022 19:13:02","96.3","8.6","45",0
"121","06/21/2022 19:13:03","95.9","9.3","45",0
"122","06/21/2022 19:13:04","95.8","8.7","45.3",0
"123","06/21/2022 19:13:05","95.7","8.8","44.9",0
"124","06/21/2022 19:13:06","96.2","8.9","44.8",0
"125","06/21/2022 19:13:07","96.2","8.7","43.8",0
"126","06/21/2022 19:13:08","96.2","9","43.8",0
"127","06/21/2022 19:13:09","96.2","9.2","43.6",0
"128","06/21/2022 19:13:10","95.9","9.3","44.1",0
"129","06/21/2022 19:13:11","95.7","8.9","43.8",0
"130","06/21/2022 19:13:12","96.3","8.5","44.7",0
"131","06/21/2022 19:13:13","96.1","9.4","44.8",0
"132","06/21/2022 19:13:14","96.4","8.7","45.3",0
"133","06/21/2022 19:13:15","96.4","8.9","44.9",0
"134","06/21/2022 19:13:16","96","8.9","45.7",0
"135","06/21/2022 19:13:17","95.6","9","45.8",0
"136","06/21/2022 19:13:18","95.7","8.7","44.9",0
"137","06/21/2022 19:13:19","95.6","9.4","44.8",0
"138","06/21/2022 19:13:20","95.6","8.5","44.8",0
"139","06/21/2022 19:13:21","95.6","8.5","44.2",0
"140","06/21/2022 19:13:22","95.8","8.7","43.8",0
"141","06/21/2022 19:13:23","96","8.8","44.1",0
"142","06/21/2022 19:13:24","96.2","8.8","44.2",0
"143","06/21/2022 19:13:25","95.9","9","44.3",0
"144","06/21/2022 19:13:26","95.7","9.1","44.3",0
"145","06/21/2022 19:13:27","95.7","8.6","44.4",0
"146","06/21/2022 19:13:28","95.7","8.9","44.3",0
"147","06/21/2022 19:13:29","95.7","8.6","44.7",0
"148","06/21/2022 19:13:30","95.7","8.9","44.7",0
"149","06/21/2022 19:13:31","96","9.2","44.6",0
"150","06/21/2022 19:13:32","95.7","8.8","45",0
"151","06/21/2022 19:13:33","95.7","8.8","45",0
"152","06/21/2022 19:13:34","95.7","8.7","45.1",0
"153","06/21/2022 19:13:35","95.7","9.1","45.4",0
"154","06/21/2022 19:13:36","95.7","9","45.5",0
"155","06/21/2022 19:13:37","95.7","8.9","45.1",0
"156","06/21/2022 19:13:38","95.7","8.2","45.6",0
"157","06/21/2022 19:13:39","95.7","8.9","45.3",0
"158","06/21/2022 19:13:40","94.9","8.9","45.2",0
"159","06/21/2022 19:13:41","94.8","8.3","45.9",0
"160","06/21/2022 19:13:42","94.7","8.8","45.6",0
"161","06/21/2022 19:13:43","94.7","8.9","45.4",0
"162","06/21/2022 19:13:44","94.7","8.4","45.5",0
"163","06/21/2022 19:13:45","94.8","8.6","45.7",0
"164","06/21/2022 19:13:46","94.7","8.7","44.6",0
"165","06/21/2022 19:13:47","94.7","8.8","45",0
"166","06/21/2022 19:13:48","94.7","8.9","45.1",0
"167","06/21/2022 19:13:49","94.5","8.7","44.7",0
"168","06/21/2022 19:13:50","93.9","8.8","44.3",0
"169","06/21/2022 19:13:51","93.8","8.6","44.6",0
"170","06/21/2022 19:13:52","93.8","9.1","44.7",0
"171","06/21/2022 19:13:53","93.6","9","44.7",0
"172","06/21/2022 19:13:54","93.7","9","45",0
"173","06/21/2022 19:13:55","93.7","8.8","45",0
"174","06/21/2022 19:13:56","93.7","8.9","44.7",0
"175","06/21/2022 19:13:57","93.6","9","44.8",0
"176","06/21/2022 19:13:58","93.2","9","45.4",0
"177","06/21/2022 19:13:59","93.4","8.8","45.4",0
"178","06/21/2022 19:14:00","93.2","8.9","45.4",0
"179","06/21/2022 19:14:01","93.2","8.8","46",0
"180","06/21/2022 19:14:02","93.2","9","46",0
"181","06/21/2022 19:14:03","93.3","8.8","45.2",0
"182","06/21/2022 19:14:04","93.6","8.7","45",0
"183","06/21/2022 19:14:05","93.2","8.5","44.8",0
"184","06/21/2022 19:14:06","93","8.6","44.3",0
"185","06/21/2022 19:14:07","92","8.7","43.8",0
"186","06/21/2022 19:14:08","91.3","8.9","43.7",0
"187","06/21/2022 19:14:09","91","8.5","43.6",0
"188","06/21/2022 19:14:10","91.7","8.8","44.1",0
"189","06/21/2022 19:14:11","91.7","8.6","45.1",0
"190","06/21/2022 19:14:12","91.9","9.1","45.1",0
"191","06/21/2022 19:14:13","91.9","8.7","46",0
"192","06/21/2022 19:14:14","91.9","9.5","46.1",0
"193","06/21/2022 19:14:15","91.9","8.1","46.4",0
"194","06/21/2022 19:14:16","91.9","9.3","46.1",0
"195","06/21/2022 19:14:17","91.7","8.6","45.8",0
"196","06/21/2022 19:14:18","91.9","9.5","44.7",0
"197","06/21/2022 19:14:19","92.6","8.6","45.7",0
"198","06/21/2022 19:14:20","93","8.9","46",0
"199","06/21/2022 19:14:21","93.4","8.7","45.3",0
"200","06/21/2022 19:14:22","93.4","8.9","45.9",0
"201","06/21/2022 19:14:23","93.4","8.9","46.2",0
"202","06/21/2022 19:14:24","93.5","8.8","44.7",0
"203","06/21/2022 19:14:25","93.3","9.3","44.1",0
"204","06/21/2022 19:14:26","93.3","8.8","43.9",0
"205","06/21/2022 19:14:27","93","8.7","43.1",0
"206","06/21/2022 19:14:28","93.2","9","42.3",0
"207","06/21/2022 19:14:29","93.3","9.1","42.2",0
"208","06/21/2022 19:14:30","93.4","9","41.5",0
"209","06/21/2022 19:14:31","93.5","8.6","41.9",0
"210","06/21/2022 19:14:32","93.5","8.8","42.7",0
"211","06/21/2022 19:14:33","93.5","9.1","42.8",0
"212","06/21/2022 19:14:34","93.9","8.7","43.1",0
"213","06/21/2022 19:14:35","93.9","8.8","44.2",0
"214","06/21/2022 19:14:36","93.9","9","44.2",0
"215","06/21/2022 19:14:37","94.3","8.9","44.2",0
"216","06/21/2022 19:14:38","94.2","8.8","44.5",0
"217","06/21/2022 19:14:39","94.4","8.9","44.9",0
"218","06/21/2022 19:14:40","94.4","8.6","44.3",0
"219","06/21/2022 19:14:41","94.2","9.2","44.7",0
"220","06/21/2022 19:14:42","93.7","9","44.5",0
"221","06/21/2022 19:14:43","93.5","8.6","44.5",0
"222","06/21/2022 19:14:44","93.5","8.9","44.3",0
"223","06/21/2022 19:14:45","93","9","44.3",0
"224","06/21/2022 19:14:46","93","8.7","43.6",0
"225","06/21/2022 19:14:47","93","9","43.3",0
"226","06/21/2022 19:14:48","93","8.7","43.2",0
"227","06/21/2022 19:14:49","93","8.8","43",0
"228","06/21/2022 19:14:50","92.6","9","42.9",0
"229","06/21/2022 19:14:51","93","8.7","43.2",0
"230","06/21/2022 19:14:52","92.3","9","43.5",0
"231","06/21/2022 19:14:53","91.9","8.5","43.6",0
"232","06/21/2022 19:14:54","92.2","8.9","43.5",0
"233","06/21/2022 19:14:55","92.3","8.7","43.7",0
"234","06/21/2022 19:14:56","91.8","8.7","43.8",0
"235","06/21/2022 19:14:57","92","8.9","43.6",0
"236","06/21/2022 19:14:58","92.7","9.3","43.7",0
"237","06/21/2022 19:14:59","92.7","8.8","44.3",0
"238","06/21/2022 19:15:00","92.8","9.2","44.1",0
"239","06/21/2022 19:15:01","93.1","9.3","43.8",0
"240","06/21/2022 19:15:02","92.7","9","43.9",0
"241","06/21/2022 19:15:03","92.4","9.1","43.9",0
"242","06/21/2022 19:15:04","92.4","9.2","43.3",0
"243","06/21/2022 19:15:05","92.7","8.7","43.2",0
"244","06/21/2022 19:15:06","92.7","9.1","43.9",0
"245","06/21/2022 19:15:07","92.7","8.9","44",0
"246","06/21/2022 19:15:08","93","8.9","44.3",0
"247","06/21/2022 19:15:09","93","9","44.8",0
"248","06/21/2022 19:15:10","93","8.9","45.7",0
"249","06/21/2022 19:15:11","93","8.8","45.3",0
"250","06/21/2022 19:15:12","93","9.2","45",0
"251","06/21/2022 19:15:13","93","8.9","44.5",0
"252","06/21/2022 19:15:14","93","9.1","44.1",0
"253","06/21/2022 19:15:15","93.1","8.8","43.5",0
"254","06/21/2022 19:15:16","92.6","8.8","44.1",0
"255","06/21/2022 19:15:17","92.7","9.3","44.7",0
"256","06/21/2022 19:15:18","92.7","8.8","45.1",0
"257","06/21/2022 19:15:19","92.2","8.5","45.8",0
"258","06/21/2022 19:15:20","92.2","9.1","46.1",0
"259","06/21/2022 19:15:21","92.2","9","45.6",0
"260","06/21/2022 19:15:22","92.6","9.1","45.3",0
"261","06/21/2022 19:15:23","93","8.8","44.9",0
"262","06/21/2022 19:15:24","92.8","8.9","44.8",0
"263","06/21/2022 19:15:25","91.8","9","44.5",0
"264","06/21/2022 19:15:26","92.1","8.9","45",0
"265","06/21/2022 19:15:27","93.7","9","45",0
"266","06/21/2022 19:15:28","93.7","9.2","45.1",0
"267","06/21/2022 19:15:29","93.7","8.8","44.7",0
"268","06/21/2022 19:15:30","93.7","9.3","44.8",0
"269","06/21/2022 19:15:31","93.7","9.2","44.3",0
"270","06/21/2022 19:15:32","94","9.6","44.3",0
"271","06/21/2022 19:15:33","94.2","8.7","44.4",0
"272","06/21/2022 19:15:34","94.2","9.3","44.8",0
"273","06/21/2022 19:15:35","94.5","8.8","44.4",0
"274","06/21/2022 19:15:36","93.4","8.8","44.8",0
"275","06/21/2022 19:15:37","93.4","9.3","45.8",0
"276","06/21/2022 19:15:38","93.5","8.9","46.8",0
"277","06/21/2022 19:15:39","93.7","8.9","46.7",0
"278","06/21/2022 19:15:40","94.6","8.9","47.6",0
"279","06/21/2022 19:15:41","94.6","8.9","48.5",0
"280","06/21/2022 19:15:42","94.6","8.8","47.5",0
"281","06/21/2022 19:15:43","94","8.7","47.9",0
"282","06/21/2022 19:15:44","95","9.4","48.1",0
"283","06/21/2022 19:15:45","95.2","9.1","50.5",0
"284","06/21/2022 19:15:46","95.2","8.7","51.3",0
"285","06/21/2022 19:15:47","95.2","8.7","52.6",0
"286","06/21/2022 19:15:48","95.2","8.6","55",0
"287","06/21/2022 19:15:49","95.2","9.2","57.6",0
"288","06/21/2022 19:15:50","95.2","8.4","56.8",0
"289","06/21/2022 19:15:51","95.2","10.4","58",0
"290","06/21/2022 19:15:52","95.2","7.7","58.6",0
"291","06/21/2022 19:15:53","95.2","10.7","57.1",0
"292","06/21/2022 19:15:54","95.2","8.8","56.3",0
"293","06/21/2022 19:15:55","95.2","9.4","56.6",0
"294","06/21/2022 19:15:56","96.2","8.7","54.8",0
"295","06/21/2022 19:15:57","96.9","6.1","53.7",0
"296","06/21/2022 19:15:58","96.9","9.2","52.5",0
"297","06/21/2022 19:15:59","97.1","8.6","51.1",0
"298","06/21/2022 19:16:00","96.9","9.5","49.1",0
"299","06/21/2022 19:16:01","96.7","9.2","47.5",0
"300","06/21/2022 19:16:02","97","9","46.8",0
"301","06/21/2022 19:16:03","97","8.9","46.4",0
"302","06/21/2022 19:16:04","97.1","9.2","45.9",0
"303","06/21/2022 19:16:05","97.1","8.9","45.7",0
"304","06/21/2022 19:16:06","97.3","8.6","45.8",0
"305","06/21/2022 19:16:07","97.3","9","45.6",0
"306","06/21/2022 19:16:08","97.3","9","45.1",0
"307","06/21/2022 19:16:09","97.3","9.1","45.3",0
"308","06/21/2022 19:16:10","97.3","8.9","45.4",0
"309","06/21/2022 19:16:11","97.2","9.1","46",0
"310","06/21/2022 19:16:12","97.1","9.1","46.3",0
"311","06/21/2022 19:16:13","96.9","8.6","47.5",0
"312","06/21/2022 19:16:14","96.6","8.8","47.9",0
"313","06/21/2022 19:16:15","96.6","8.4","48.5",0
"314","06/21/2022 19:16:16","96.6","8.5","48.4",0
"315","06/21/2022 19:16:17","96.6","8.8","49.4",0
"316","06/21/2022 19:16:18","96.6","8.8","50.6",0
"317","06/21/2022 19:16:19","96.3","9.7","50.9",0
"318","06/21/2022 19:16:20","96.4","9.6","50.3",0
"319","06/21/2022 19:16:21","97","9.2","50.7",0
"320","06/21/2022 19:16:22","97.1","8.7","49.9",0
"321","06/21/2022 19:16:23","97.1","9.3","47.8",0
"322","06/21/2022 19:16:24","97.1","8.9","46.6",0
"323","06/21/2022 19:16:25","97","8.8","46.2",0
"324","06/21/2022 19:16:26","96.9","9.2","45.5",0
"325","06/21/2022 19:16:27","96.9","9","44.5",0
"326","06/21/2022 19:16:28","96.9","9.1","44.8",0
"327","06/21/2022 19:16:29","96.6","9.5","45.2",0
"328","06/21/2022 19:16:30","96.6","9.3","45.5",0
"329","06/21/2022 19:16:31","96.7","9.2","45.6",0
"330","06/21/2022 19:16:32","96.9","8.7","46.3",0
"331","06/21/2022 19:16:33","96.5","9.2","46",0
"332","06/21/2022 19:16:34","96.2","9.4","45.5",0
"333","06/21/2022 19:16:35","95.8","9.4","45.5",0
"334","06/21/2022 19:16:36","95.5","9.2","45.5",0
"335","06/21/2022 19:16:37","95.4","9","45.5",0
"336","06/21/2022 19:16:38","95.4","8.7","45.3",0
"337","06/21/2022 19:16:39","95.5","9.1","45.7",0
"338","06/21/2022 19:16:40","95.9","9","45.2",0
"339","06/21/2022 19:16:41","95.8","9.2","44.7",0
"340","06/21/2022 19:16:42","95","9","44.4",0
"341","06/21/2022 19:16:43","95","9.4","44.6",0
"342","06/21/2022 19:16:44","95","9.1","44.6",0
"343","06/21/2022 19:16:45","95","9.1","44.6",0
"344","06/21/2022 19:16:46","95.3","8.8","45",0
"345","06/21/2022 19:16:47","95.3","8.9","44.8",0
"346","06/21/2022 19:16:48","95.3","9.6","44.5",0
"347","06/21/2022 19:16:49","95.4","9","44",0
"348","06/21/2022 19:16:50","95.2","9","44.4",0
"349","06/21/2022 19:16:51","95.3","9.3","44.1",0
"350","06/21/2022 19:16:52","95.3","9.2","44.6",0
"351","06/21/2022 19:16:53","95.7","9","44.6",0
"352","06/21/2022 19:16:54","95.9","9.6","45.5",0
"353","06/21/2022 19:16:55","95.3","8.9","44.7",0
"354","06/21/2022 19:16:56","94.9","9.7","45",0
"355","06/21/2022 19:16:57","94.2","9.2","44.8",0
"356","06/21/2022 19:16:58","94.3","9.3","44.9",0
"357","06/21/2022 19:16:59","93.8","9.6","44.6",0
"358","06/21/2022 19:17:00","93.9","9.1","45.2",0
"359","06/21/2022 19:17:01","93.9","9.4","45.4",0
"360","06/21/2022 19:17:02","93.4","9.4","45.3",0
"361","06/21/2022 19:17:03","93.9","9.5","45.4",0
"362","06/21/2022 19:17:04","93.6","9.3","45.4",0
"363","06/21/2022 19:17:05","93.8","8.8","45.5",0
"364","06/21/2022 19:17:06","93.8","9.4","45.4",0
"365","06/21/2022 19:17:07","93.8","9.3","45",0
"366","06/21/2022 19:17:08","93.7","8.9","45.4",0
"367","06/21/2022 19:17:09","93.4","9","45.4",0
"368","06/21/2022 19:17:10","93.1","9.2","45.4",0
"369","06/21/2022 19:17:11","92.9","9.3","45.6",0
"370","06/21/2022 19:17:12","92.6","9","45.5",0
"371","06/21/2022 19:17:13","91.8","8.9","45.4",0
"372","06/21/2022 19:17:14","91.9","9.2","45.2",0
"373","06/21/2022 19:17:15","92.1","9.5","44.5",0
"374","06/21/2022 19:17:16","92.1","9.4","44.7",0
"375","06/21/2022 19:17:17","92.6","9","45.1",0
"376","06/21/2022 19:17:18","92.5","8.7","44.8",0
"377","06/21/2022 19:17:19","92.5","9.2","44.6",0
"378","06/21/2022 19:17:20","92.5","9.5","45.4",0
"379","06/21/2022 19:17:21","92.8","8.9","44.8",0
"380","06/21/2022 19:17:22","92.8","9.3","44.8",0
"381","06/21/2022 19:17:23","93.2","8.9","45.2",0
"382","06/21/2022 19:17:24","93.2","9.1","45.4",0
"383","06/21/2022 19:17:25","93.2","9.4","45.7",0
"384","06/21/2022 19:17:26","92.4","9.3","45.7",0
"385","06/21/2022 19:17:27","92.3","9.4","45.1",0
"386","06/21/2022 19:17:28","92.1","9.2","44.8",0
"387","06/21/2022 19:17:29","92.5","9.2","44.7",0
"388","06/21/2022 19:17:30","93.4","9.1","44.2",0
"389","06/21/2022 19:17:31","93.3","8.9","44.8",0
"390","06/21/2022 19:17:32","93.1","9.6","45",0
"391","06/21/2022 19:17:33","93.6","9.1","45.3",0
"392","06/21/2022 19:17:34","94","9.4","45.8",0
"393","06/21/2022 19:17:35","93.9","9.1","45.8",0
"394","06/21/2022 19:17:36","93.9","9.4","45.7",0
"395","06/21/2022 19:17:37","94.5","9.4","46",0
"396","06/21/2022 19:17:38","93.7","9.5","45.5",0
"397","06/21/2022 19:17:39","93.7","8.9","45.2",0
"398","06/21/2022 19:17:40","94.3","9.2","45",0
"399","06/21/2022 19:17:41","94.7","9.3","45.1",0
"400","06/21/2022 19:17:42","94.4","9.2","46.2",0
"401","06/21/2022 19:17:43","94.7","9.2","46.3",0
"402","06/21/2022 19:17:44","94.6","8.9","45.9",0
"403","06/21/2022 19:17:45","94.6","9.5","46",0
"404","06/21/2022 19:17:46","94.4","9.3","46.4",0
"405","06/21/2022 19:17:47","94.4","9.1","45.8",0
"406","06/21/2022 19:17:48","94.2","9.2","45.7",0
"407","06/21/2022 19:17:49","93.5","8.5","45.8",0
"408","06/21/2022 19:17:50","93.5","9.2","45.5",0
"409","06/21/2022 19:17:51","93.7","9.2","45.3",0
"410","06/21/2022 19:17:52","93.9","9.2","44.6",0
"411","06/21/2022 19:17:53","93.9","9.6","44.9",0
"412","06/21/2022 19:17:54","93.9","9","45",0
"413","06/21/2022 19:17:55","94.6","9.3","45.4",0
"414","06/21/2022 19:17:56","94.7","9.5","44.6",0
"415","06/21/2022 19:17:57","94.7","9.4","44.5",0
"416","06/21/2022 19:17:58","94.7","9.4","44.2",0
"417","06/21/2022 19:17:59","94.7","9.2","44.8",0
"418","06/21/2022 19:18:00","94.7","9.2","44.4",0
"419","06/21/2022 19:18:01","95","9.5","45",0
"420","06/21/2022 19:18:02","94.4","8.6","45.3",0
"421","06/21/2022 19:18:03","94.9","8.9","45.4",0
"422","06/21/2022 19:18:04","94.9","9.2","48.6",0
"423","06/21/2022 19:18:05","94.9","9.8","48.7",0
"424","06/21/2022 19:18:06","94.9","25","48.3",0
"425","06/21/2022 19:18:07","94.9","15","47.8",0
"426","06/21/2022 19:18:08","94.9","14","48",0
"427","06/21/2022 19:18:09","94.9","11","44.3",0
"428","06/21/2022 19:18:10","94.9","11","45",0
"429","06/21/2022 19:18:11","94.9","11","45.5",0
"430","06/21/2022 19:18:12","94.9","12","51.4",0
"431","06/21/2022 19:18:13","94.9","15","51.5",0
"432","06/21/2022 19:18:14","94.9","7.5","52.5",0
"433","06/21/2022 19:18:15","94.9","9.2","51.8",0
"434","06/21/2022 19:18:16","94.9","9.3","51.8",0
"435","06/21/2022 19:18:17","94.9","9.6","46.4",0
"436","06/21/2022 19:18:18","94.5","9.8","46.3",0
"437","06/21/2022 19:18:19","94.3","9.2","45.5",0
"438","06/21/2022 19:18:20","94.6","9.4","46.2",0
"439","06/21/2022 19:18:21","94.3","9.6","45.5",0
"440","06/21/2022 19:18:22","94.3","9.8","46",0
"441","06/21/2022 19:18:23","94.5","9.6","45.9",0
"442","06/21/2022 19:18:24","95.2","9.2","46.1",0
"443","06/21/2022 19:18:25","95.6","9.4","45.5",0
"444","06/21/2022 19:18:26","95.6","9.4","45.6",0
"445","06/21/2022 19:18:27","95.7","9.6","45.6",0
"446","06/21/2022 19:18:28","95.7","9.5","45.6",0
"447","06/21/2022 19:18:29","95.7","9.2","45.3",0
"448","06/21/2022 19:18:30","96.3","9.5","45",0
"449","06/21/2022 19:18:31","96.6","9.1","45.3",0
"450","06/21/2022 19:18:32","96.6","9.1","44.9",0
"451","06/21/2022 19:18:33","96.6","9.6","45.2",0
"452","06/21/2022 19:18:34","96.5","9.1","45.8",0
"453","06/21/2022 19:18:35","96.1","9.6","46.2",0
"454","06/21/2022 19:18:36","96.1","9.4","46.2",0
"455","06/21/2022 19:18:37","96.1","9.5","46",0
"456","06/21/2022 19:18:38","96.1","9.1","45.6",0
"457","06/21/2022 19:18:39","96.1","9.4","45",0
"458","06/21/2022 19:18:40","96.1","9.4","45",0
"459","06/21/2022 19:18:41","96.1","9.7","44.8",0
"460","06/21/2022 19:18:42","96","9.4","44.8",0
"461","06/21/2022 19:18:43","95.7","9.7","45.3",0
"462","06/21/2022 19:18:44","95.9","9.6","45.8",0
"463","06/21/2022 19:18:45","95.9","9.8","46",0
"464","06/21/2022 19:18:46","95.6","8.9","46",0
"465","06/21/2022 19:18:47","95.4","9.1","45.9",0
"466","06/21/2022 19:18:48","94.7","9.5","46.1",0
"467","06/21/2022 19:18:49","94.4","9.2","45.6",0
"468","06/21/2022 19:18:50","93.8","9.7","46.1",0
"469","06/21/2022 19:18:51","93.4","9.2","46.5",0
"470","06/21/2022 19:18:52","93.4","9.4","46.9",0
"471","06/21/2022 19:18:53","93.4","9.7","45.6",0
"472","06/21/2022 19:18:54","93.4","9.2","45.8",0
"473","06/21/2022 19:18:55","93.4","9.6","45.4",0
"474","06/21/2022 19:18:56","92.9","9.4","45.3",0
"475","06/21/2022 19:18:57","93.5","9.4","46.3",0
"476","06/21/2022 19:18:58","93.4","9.2","47.8",0
"477","06/21/2022 19:18:59","93.4","9.6","48.1",0
"478","06/21/2022 19:19:00","93.4","9.2","48.5",0
"479","06/21/2022 19:19:01","93.4","9.6","48.3",0
"480","06/21/2022 19:19:02","93.4","9.8","47.2",0
"481","06/21/2022 19:19:03","93.4","9.5","46.8",0
"482","06/21/2022 19:19:04","93.4","9.6","45.9",0
"483","06/21/2022 19:19:05","93.4","9.5","45.5",0
"484","06/21/2022 19:19:06","94.1","9.6","45.8",0
"485","06/21/2022 19:19:07","94.1","9.7","45.8",0
"486","06/21/2022 19:19:08","94.1","9.4","46.1",0
"487","06/21/2022 19:19:09","94.1","9.5","46.8",0
"488","06/21/2022 19:19:10","94.1","9.6","47",0
"489","06/21/2022 19:19:11","94.2","9.1","46.8",0
"490","06/21/2022 19:19:12","94.2","9.5","46.6",0
"491","06/21/2022 19:19:13","94.2","9.4","45.7",0
"492","06/21/2022 19:19:14","94.2","9.7","45.7",0
"493","06/21/2022 19:19:15","94.5","9.4","45.6",0
"494","06/21/2022 19:19:16","94.8","9.8","45.2",0
"495","06/21/2022 19:19:17","94.2","10.1","45.5",0
"496","06/21/2022 19:19:18","94.2","9.1","45.8",0
"497","06/21/2022 19:19:19","94.2","9.5","46",0
"498","06/21/2022 19:19:20","94.4","9.8","45.5",0
"499","06/21/2022 19:19:21","94.4","9.4","45.8",0
"500","06/21/2022 19:19:22","94.4","9.6","46.2",0
"501","06/21/2022 19:19:23","94.5","9.7","46",0
"502","06/21/2022 19:19:24","93.6","9.4","45.4",0
"503","06/21/2022 19:19:25","93.8","9.3","46.3",0
"504","06/21/2022 19:19:26","94.8","9.8","46",0
"505","06/21/2022 19:19:27","95","9.7","45.2",0
"506","06/21/2022 19:19:28","95.8","9.1","45.6",0
"507","06/21/2022 19:19:29","95.3","9.5","45.9",0
"508","06/21/2022 19:19:30","95.5","9.8","45.2",0
"509","06/21/2022 19:19:31","95.9","9","45",0
"510","06/21/2022 19:19:32","96.2","9.8","45.6",0
"511","06/21/2022 19:19:33","95.9","9.5","44.9",0
"512","06/21/2022 19:19:34","95.7","9.8","45.3",0
"513","06/21/2022 19:19:35","96","9.6","46.1",0
"514","06/21/2022 19:19:36","95.8","9.4","46.8",0
"515","06/21/2022 19:19:37","96.2","10.3","46.7",0
"516","06/21/2022 19:19:38","96.2","9.4","46.9",0
"517","06/21/2022 19:19:39","96.2","9.7","46.6",0
"518","06/21/2022 19:19:40","96.3","9.8","45.5",0
"519","06/21/2022 19:19:41","96.5","10.2","45",0
"520","06/21/2022 19:19:42","96.5","9.5","44.5",0
"521","06/21/2022 19:19:43","96.8","9.5","44.1",0
"522","06/21/2022 19:19:44","97.1","9.3","44",0
"523","06/21/2022 19:19:45","97","8.9","44.6",0
"524","06/21/2022 19:19:46","97","9.7","44.6",0
"525","06/21/2022 19:19:47","97","9.4","44.7",0
"526","06/21/2022 19:19:48","97","9.7","44.8",0
"527","06/21/2022 19:19:49","97","9.6","44.5",0
"528","06/21/2022 19:19:50","97","9.8","44",0
"529","06/21/2022 19:19:51","96.4","9.5","44.4",0
"530","06/21/2022 19:19:52","96.2","9.7","45.1",0
"531","06/21/2022 19:19:53","95.6","10.1","45.2",0
"532","06/21/2022 19:19:54","95.2","9.9","45.4",0
"533","06/21/2022 19:19:55","94.4","9.5","45.6",0
"534","06/21/2022 19:19:56","93.5","9.8","45.2",0
"535","06/21/2022 19:19:57","93","9.4","44.4",0
"536","06/21/2022 19:19:58","93","9.4","44.6",0
"537","06/21/2022 19:19:59","93","9.2","44.4",0
"538","06/21/2022 19:20:00","92.8","9.2","44",0
"539","06/21/2022 19:20:01","92.3","9.5","44.1",0
"540","06/21/2022 19:20:02","92.3","9.8","44.5",0
"541","06/21/2022 19:20:03","92.3","9.4","44.9",0
"542","06/21/2022 19:20:04","92.3","9.6","45.7",0
"543","06/21/2022 19:20:05","92.3","9.1","48.3",0
"544","06/21/2022 19:20:06","92.3","9.9","51.3",0
"545","06/21/2022 19:20:07","92.3","9.5","53.5",0
"546","06/21/2022 19:20:08","92.3","9.8","54.2",0
"547","06/21/2022 19:20:09","92.3","9.5","53.7",0
"548","06/21/2022 19:20:10","92.3","9.9","51",0
"549","06/21/2022 19:20:11","92.2","9.8","48.2",0
"550","06/21/2022 19:20:12","89.8","9.7","45.5",0
"551","06/21/2022 19:20:13","89.8","9.7","44.7",0
"552","06/21/2022 19:20:14","88.2","9.5","44.2",0
"553","06/21/2022 19:20:15","88.2","9.5","44.3",0
"554","06/21/2022 19:20:16","88","9.5","44.1",0
"555","06/21/2022 19:20:17","90.2","9.5","44.4",0
"556","06/21/2022 19:20:18","91.1","9.6","44.2",0
"557","06/21/2022 19:20:19","91.5","9.7","44.8",0
"558","06/21/2022 19:20:20","93.1","9.7","45",0
"559","06/21/2022 19:20:21","93.1","9.6","45.2",0
"560","06/21/2022 19:20:22","93.1","9.7","45",0
"561","06/21/2022 19:20:23","93.6","9.3","45.2",0
"562","06/21/2022 19:20:24","93.7","10","45.3",0
"563","06/21/2022 19:20:25","93.6","9.8","45.9",0
"564","06/21/2022 19:20:26","94.1","9.7","46",0
"565","06/21/2022 19:20:27","93.9","9.6","46.8",0
"566","06/21/2022 19:20:28","94","10.1","47.1",0
"567","06/21/2022 19:20:29","94.9","9.7","46.6",0
"568","06/21/2022 19:20:30","94.5","9.2","46.2",0
"569","06/21/2022 19:20:31","95","9.7","45.9",0
"570","06/21/2022 19:20:32","95.7","9.3","45.5",0
"571","06/21/2022 19:20:33","95.9","9.6","45",0
"572","06/21/2022 19:20:34","96","9.7","45.1",0
"573","06/21/2022 19:20:35","96","10","44.9",0
"574","06/21/2022 19:20:36","96.2","9.7","44.9",0
"575","06/21/2022 19:20:37","96.3","9.8","45",0
"576","06/21/2022 19:20:38","96.3","9.6","45.2",0
"577","06/21/2022 19:20:39","96.3","9.6","45.7",0
"578","06/21/2022 19:20:40","96.3","9.7","46.3",0
"579","06/21/2022 19:20:41","96.3","9.9","47.3",0
"580","06/21/2022 19:20:42","96.6","9.9","47.6",0
"581","06/21/2022 19:20:43","96.5","10.2","47.9",0
"582","06/21/2022 19:20:44","96.3","9.5","47.6",0
"583","06/21/2022 19:20:45","96.3","9.6","47",0
"584","06/21/2022 19:20:46","96.5","9.7","45.7",0
"585","06/21/2022 19:20:47","96.7","9.2","45.2",0
"586","06/21/2022 19:20:48","97","9.9","44.7",0
"587","06/21/2022 19:20:49","96.6","9.1","44.2",0
"588","06/21/2022 19:20:50","96.4","9.9","44.4",0
"589","06/21/2022 19:20:51","95.7","9.6","44.8",0
"590","06/21/2022 19:20:52","95.4","9.6","44.7",0
"591","06/21/2022 19:20:53","95.7","9.4","44.7",0
"592","06/21/2022 19:20:54","96.1","9.5","45",0
"593","06/21/2022 19:20:55","95.8","9.8","45",0
"594","06/21/2022 19:20:56","95.6","9.5","44.7",0
"595","06/21/2022 19:20:57","95.5","9.5","44.6",0
"596","06/21/2022 19:20:58","95.5","9.8","44.6",0
"597","06/21/2022 19:20:59","95.1","9.6","44.5",0
"598","06/21/2022 19:21:00","93.8","9.7","44.2",0
"599","06/21/2022 19:21:01","93.8","9.4","44.8",0
"600","06/21/2022 19:21:02","93.8","9.8","45",0
"601","06/21/2022 19:21:03","93.8","9.5","44.6",0
"602","06/21/2022 19:21:04","93.8","9.8","44.8",0
"603","06/21/2022 19:21:05","93.5","9.9","44.9",0
"604","06/21/2022 19:21:06","93.4","9.3","44.1",0
"605","06/21/2022 19:21:07","93.4","9.3","43.8",0
"606","06/21/2022 19:21:08","93.4","9.8","44.5",0
"607","06/21/2022 19:21:09","93.2","9.7","45.1",0
"608","06/21/2022 19:21:10","93.5","9.8","45.9",0
"609","06/21/2022 19:21:11","93.6","9.7","46.1",0
"610","06/21/2022 19:21:12","93.6","9.5","46.8",0
"611","06/21/2022 19:21:13","93.5","9.9","46.4",0
"612","06/21/2022 19:21:14","94","10.2","46",0
"613","06/21/2022 19:21:15","93.9","9.4","45.6",0
"614","06/21/2022 19:21:16","93.4","9.4","45.9",0
"615","06/21/2022 19:21:17","92.9","9.7","45.3",0
"616","06/21/2022 19:21:18","93.2","9.9","45.5",0
"617","06/21/2022 19:21:19","93.5","9.3","45",0
"618","06/21/2022 19:21:20","94","9.6","44.6",0
"619","06/21/2022 19:21:21","94.2","10.1","43.8",0
"620","06/21/2022 19:21:22","94.4","9.1","44.2",0
"621","06/21/2022 19:21:23","94.9","10.1","44.6",0
"622","06/21/2022 19:21:24","95","9.8","44.7",0
"623","06/21/2022 19:21:25","95","10.1","45",0
"624","06/21/2022 19:21:26","95","9.4","45.2",0
"625","06/21/2022 19:21:27","95","9.9","44.4",0
"626","06/21/2022 19:21:28","95.1","9.7","43.5",0
"627","06/21/2022 19:21:29","95.1","9.7","43.2",0
"628","06/21/2022 19:21:30","95.1","9.9","43",0
"629","06/21/2022 19:21:31","95","10","43.7",0
"630","06/21/2022 19:21:32","94.7","9.6","44.2",0
"631","06/21/2022 19:21:33","94.8","9.7","44.4",0
"632","06/21/2022 19:21:34","95.1","9.8","45",0
"633","06/21/2022 19:21:35","95.1","9.7","44.9",0
"634","06/21/2022 19:21:36","95.1","9.9","44.5",0
"635","06/21/2022 19:21:37","95.1","9.7","44.8",0
"636","06/21/2022 19:21:38","95.1","9.8","44.9",0
"637","06/21/2022 19:21:39","95.1","9.7","44.6",0
"638","06/21/2022 19:21:40","95.1","9.7","44.3",0
"639","06/21/2022 19:21:41","95.1","9.6","44.3",0
"640","06/21/2022 19:21:42","94.8","9.5","44.3",0
"641","06/21/2022 19:21:43","94.8","9.6","44.4",0
"642","06/21/2022 19:21:44","94.8","9.8","44.5",0
"643","06/21/2022 19:21:45","95.2","9.5","44.7",0
"644","06/21/2022 19:21:46","95.2","9.6","45.4",0
"645","06/21/2022 19:21:47","95.2","9.5","45.4",0
"646","06/21/2022 19:21:48","95","9.7","45.8",0
"647","06/21/2022 19:21:49","95","9.4","45.7",0
"648","06/21/2022 19:21:50","95","10.2","45.5",0
"649","06/21/2022 19:21:51","95","9.5","45.1",0
"650","06/21/2022 19:21:52","95.1","9.7","44.9",0
"651","06/21/2022 19:21:53","95.3","9.7","44.6",0
"652","06/21/2022 19:21:54","95.3","10","44.5",0
"653","06/21/2022 19:21:55","95.3","9.6","45.2",0
"654","06/21/2022 19:21:56","95.3","9.4","44.7",0
"655","06/21/2022 19:21:57","95.3","10","44.8",0
"656","06/21/2022 19:21:58","95","9.5","45.6",0
"657","06/21/2022 19:21:59","94.8","9.2","45.8",0
"658","06/21/2022 19:22:00","94.4","9.5","46.3",0
"659","06/21/2022 19:22:01","95.1","9.7","47.1",0
"660","06/21/2022 19:22:02","95.7","9.8","47.8",0
"661","06/21/2022 19:22:03","96.4","9.6","48",0
"662","06/21/2022 19:22:04","96.9","9.4","48.3",0
"663","06/21/2022 19:22:05","96.9","9.8","47.9",0
"664","06/21/2022 19:22:06","96.9","9.5","48",0
"665","06/21/2022 19:22:07","96.9","9.7","47.8",0
"666","06/21/2022 19:22:08","96.9","10.1","46.4",0
"667","06/21/2022 19:22:09","96.9","9.8","46",0
"668","06/21/2022 19:22:10","96.9","10.2","45.7",0
"669","06/21/2022 19:22:11","97","9.6","44.7",0
"670","06/21/2022 19:22:12","96.9","9.9","44.5",0
"671","06/21/2022 19:22:13","97","9.7","44.7",0
"672","06/21/2022 19:22:14","97.1","9.6","44.4",0
"673","06/21/2022 19:22:15","97.2","9.7","44.6",0
"674","06/21/2022 19:22:16","97.2","10.2","44.9",0
"675","06/21/2022 19:22:17","97.2","10.1","44.5",0
"676","06/21/2022 19:22:18","97.2","10","44.4",0
"677","06/21/2022 19:22:19","97.3","10","44.7",0
"678","06/21/2022 19:22:20","97.3","9.3","44.5",0
"679","06/21/2022 19:22:21","97.3","9.5","44.9",0
"680","06/21/2022 19:22:22","97.3","10","45.3",0
"681","06/21/2022 19:22:23","97.3","10.1","46.3",0
"682","06/21/2022 19:22:24","97.3","9.3","46.8",0
"683","06/21/2022 19:22:25","97.3","9.9","46.8",0
"684","06/21/2022 19:22:26","97.3","9.2","46.8",0
"685","06/21/2022 19:22:27","97.3","9.7","48.5",0
"686","06/21/2022 19:22:28","97.4","10.2","48.1",0
"687","06/21/2022 19:22:29","97.3","10.6","47.5",0
"688","06/21/2022 19:22:30","97.3","9.7","47.6",0
"689","06/21/2022 19:22:31","97.2","9.7","47.3",0
"690","06/21/2022 19:22:32","97.1","10","46",0
"691","06/21/2022 19:22:33","97.1","9.7","46.2",0
"692","06/21/2022 19:22:34","97.1","10.2","46.2",0
"693","06/21/2022 19:22:35","97.2","9.8","46.8",0
"694","06/21/2022 19:22:36","97.2","10.2","46.4",0
"695","06/21/2022 19:22:37","97.2","9.4","45.8",0
"696","06/21/2022 19:22:38","97.2","9.8","45.4",0
"697","06/21/2022 19:22:39","97.2","9.8","45.2",0
"698","06/21/2022 19:22:40","97.1","9.7","45.2",0
"699","06/21/2022 19:22:41","96.9","10","45.6",0
"700","06/21/2022 19:22:42","96.9","9.7","46.1",0
"701","06/21/2022 19:22:43","96.9","10","46.6",0
"702","06/21/2022 19:22:44","97.1","9.5","48.6",0
"703","06/21/2022 19:22:45","97.1","10.3","48.2",0
"704","06/21/2022 19:22:46","97.1","9.7","49",0
"705","06/21/2022 19:22:47","97.1","10.1","49.8",0
"706","06/21/2022 19:22:48","97.1","10.6","50.4",0
"707","06/21/2022 19:22:49","97.1","9.8","49.8",0
"708","06/21/2022 19:22:50","96.5","9.7","50.8",0
"709","06/21/2022 19:22:51","95.9","10.1","51.1",0
"710","06/21/2022 19:22:52","96.2","9.8","51",0
"711","06/21/2022 19:22:53","96","9.2","50.4",0
"712","06/21/2022 19:22:54","95.9","9.6","49.3",0
"713","06/21/2022 19:22:55","96.1","9.2","47.7",0
"714","06/21/2022 19:22:56","96.1","9.4","46.4",0
"715","06/21/2022 19:22:57","96.1","9.6","46.4",0
"716","06/21/2022 19:22:58","96.2","10","46.4",0
"717","06/21/2022 19:22:59","96","10.2","50.2",0
"718","06/21/2022 19:23:00","96","11.1","52.9",0
"719","06/21/2022 19:23:01","96","9.6","54.5",0
"720","06/21/2022 19:23:02","96","11","56.1",0
"721","06/21/2022 19:23:03","95.7","8.6","55.6",0
"722","06/21/2022 19:23:04","96.1","8.9","51.5",0
"723","06/21/2022 19:23:05","96.7","10.3","50",0
"724","06/21/2022 19:23:06","97.1","10","49.5",0
"725","06/21/2022 19:23:07","97.1","9.2","47.9",0
"726","06/21/2022 19:23:08","97.1","9.9","48.6",0
"727","06/21/2022 19:23:09","97.2","10.3","49.4",0
"728","06/21/2022 19:23:10","97.2","10.7","49.5",0
"729","06/21/2022 19:23:11","97.2","10","49.1",0
"730","06/21/2022 19:23:12","97.2","9.8","49.1",0
"731","06/21/2022 19:23:13","97.2","10.4","48.9",0
"732","06/21/2022 19:23:14","97.2","9.9","48.7",0
"733","06/21/2022 19:23:15","97.2","10.4","48.2",0
"734","06/21/2022 19:23:16","97.1","10.8","48.5",0
"735","06/21/2022 19:23:17","97.1","10.1","48.2",0
"736","06/21/2022 19:23:18","97.1","9.7","48.2",0
"737","06/21/2022 19:23:19","97.1","9.9","48",0
"738","06/21/2022 19:23:20","97.2","9.8","47.7",0
"739","06/21/2022 19:23:21","97.3","10.2","47",0
"740","06/21/2022 19:23:22","97.3","10.1","46.6",0
"741","06/21/2022 19:23:23","97.3","10","46.1",0
"742","06/21/2022 19:23:24","97.3","9.9","47.8",0
"743","06/21/2022 19:23:25","97.3","9.9","49.8",0
"744","06/21/2022 19:23:26","97.3","10.7","50.4",0
"745","06/21/2022 19:23:27","97.3","11","50.8",0
"746","06/21/2022 19:23:28","97.3","9.9","51.8",0
"747","06/21/2022 19:23:29","97.3","10.3","50",0
"748","06/21/2022 19:23:30","97.3","9.8","47.9",0
"749","06/21/2022 19:23:31","97.3","9.8","46.8",0
"750","06/21/2022 19:23:32","97.3","10","46.4",0
"751","06/21/2022 19:23:33","97.3","10.2","45.3",0
"752","06/21/2022 19:23:34","97.3","9.7","45.2",0
"753","06/21/2022 19:23:35","97.3","10","45.3",0
"754","06/21/2022 19:23:36","97.4","10","45.7",0
"755","06/21/2022 19:23:37","97.5","10","45.4",0
"756","06/21/2022 19:23:38","97.4","10","45.8",0
"757","06/21/2022 19:23:39","97.4","10.1","45.7",0
"758","06/21/2022 19:23:40","97.4","10","45.5",0
"759","06/21/2022 19:23:41","97.4","10.1","45.4",0
"760","06/21/2022 19:23:42","97.4","10","45",0
"761","06/21/2022 19:23:43","97.4","10.2","45.5",0
"762","06/21/2022 19:23:44","97.4","10.2","45.1",0
"763","06/21/2022 19:23:45","97.3","9.8","45.3",0
"764","06/21/2022 19:23:46","97.3","10.1","45.4",0
"765","06/21/2022 19:23:47","97.3","10","46.1",0
"766","06/21/2022 19:23:48","97.2","9.9","45.7",0
"767","06/21/2022 19:23:49","97.2","9.3","46.2",0
"768","06/21/2022 19:23:50","97.2","9.9","46",0
"769","06/21/2022 19:23:51","97.2","10","46",0
"770","06/21/2022 19:23:52","97.2","10.2","45.8",0
"771","06/21/2022 19:23:53","97.2","10","45.5",0
"772","06/21/2022 19:23:54","97.2","9.4","45.5",0
"773","06/21/2022 19:23:55","97.3","9.4","45.6",0
"774","06/21/2022 19:23:56","97.3","9.9","45.6",0
"775","06/21/2022 19:23:57","97.2","9.9","45.8",0
"776","06/21/2022 19:23:58","97.2","10.1","45.9",0
"777","06/21/2022 19:23:59","97.2","10","45.6",0
"778","06/21/2022 19:24:00","97.2","9.9","45.2",0
"779","06/21/2022 19:24:01","97.1","10","44.8",0
"780","06/21/2022 19:24:02","97","10","44.8",0
"781","06/21/2022 19:24:03","96.8","9.9","45",0
"782","06/21/2022 19:24:04","96.8","9.9","45",0
"783","06/21/2022 19:24:05","96.8","9.8","45.6",0
"784","06/21/2022 19:24:06","96.8","10","46.1",0
"785","06/21/2022 19:24:07","96.8","9.9","45.7",0
"786","06/21/2022 19:24:08","96.5","9.5","45.6",0
"787","06/21/2022 19:24:09","96.1","9.5","46.3",0
"788","06/21/2022 19:24:10","96.3","9.8","45.9",0
"789","06/21/2022 19:24:11","96.3","10.4","45.5",0
"790","06/21/2022 19:24:12","96.3","9.9","45.8",0
"791","06/21/2022 19:24:13","96.3","9.4","45.3",0
"792","06/21/2022 19:24:14","96.3","10.3","44.8",0
"793","06/21/2022 19:24:15","96.1","10","46.9",0
"794","06/21/2022 19:24:16","95.8","10","49.6",0
"795","06/21/2022 19:24:17","95.5","9.2","51",0
"796","06/21/2022 19:24:18","95.5","7.4","51.6",0
"797","06/21/2022 19:24:19","95.2","8","51.6",0
"798","06/21/2022 19:24:20","95.1","10.1","49.4",0
"799","06/21/2022 19:24:21","95.3","10.4","46.6",0
"800","06/21/2022 19:24:22","95.4","10","45.4",0
"801","06/21/2022 19:24:23","94.6","9.5","45.1",0
"802","06/21/2022 19:24:24","94.3","9.9","45.1",0
"803","06/21/2022 19:24:25","94.8","9.6","45.5",0
"804","06/21/2022 19:24:26","95.1","10.3","45.7",0
"805","06/21/2022 19:24:27","95.1","9.9","45.1",0
"806","06/21/2022 19:24:28","95.3","9.9","44.9",0
"807","06/21/2022 19:24:29","95.8","10.4","45.1",0
"808","06/21/2022 19:24:30","95.2","9.9","45.3",0
"809","06/21/2022 19:24:31","95.4","9.9","45.1",0
"810","06/21/2022 19:24:32","95.3","9.8","45.3",0
"811","06/21/2022 19:24:33","95.3","9.9","45.2",0
"812","06/21/2022 19:24:34","95.3","9.9","44.7",0
"813","06/21/2022 19:24:35","95.5","10","43.8",0
"814","06/21/2022 19:24:36","95.3","9.7","43.9",0
"815","06/21/2022 19:24:37","95.9","10.2","44",0
"816","06/21/2022 19:24:38","96","10","44.9",0
"817","06/21/2022 19:24:39","95.7","10.1","45.4",0
"818","06/21/2022 19:24:40","95.7","10.4","45.8",0
"819","06/21/2022 19:24:41","95.7","9.8","46.1",0
"820","06/21/2022 19:24:42","95.7","9.8","45.5",0
"821","06/21/2022 19:24:43","95.9","9.9","44.5",0
"822","06/21/2022 19:24:44","95.9","10.2","44.7",0
"823","06/21/2022 19:24:45","95.8","9.8","45",0
"824","06/21/2022 19:24:46","95.9","9.7","45.4",0
"825","06/21/2022 19:24:47","95.9","9.9","45.7",0
"826","06/21/2022 19:24:48","95.9","10.3","46.1",0
"827","06/21/2022 19:24:49","95.9","10.3","45.8",0
"828","06/21/2022 19:24:50","95.9","9.8","46.1",0
"829","06/21/2022 19:24:51","95.9","10.1","45.3",0
"830","06/21/2022 19:24:52","95.9","10.5","45.3",0
"831","06/21/2022 19:24:53","95.9","9.8","45",0
"832","06/21/2022 19:24:54","95.9","9.6","45.1",0
"833","06/21/2022 19:24:55","95.9","10.6","44.7",0
"834","06/21/2022 19:24:56","96","10.4","45.3",0
"835","06/21/2022 19:24:57","95.8","9.6","45",0
"836","06/21/2022 19:24:58","95.6","9.6","45.3",0
"837","06/21/2022 19:24:59","95.6","10.1","45.2",0
"838","06/21/2022 19:25:00","95.5","9.7","45.1",0
"839","06/21/2022 19:25:01","95.3","9.9","45.1",0
"840","06/21/2022 19:25:02","95.1","10","45.5",0
"841","06/21/2022 19:25:03","95.1","10.1","45",0
"842","06/21/2022 19:25:04","95.5","10","44.6",0
"843","06/21/2022 19:25:05","94.9","10.1","44.4",0
"844","06/21/2022 19:25:06","94.2","10.1","44.2",0
"845","06/21/2022 19:25:07","93.8","10","44.5",0
"846","06/21/2022 19:25:08","93.3","9.7","45",0
"847","06/21/2022 19:25:09","93.3","10","44.8",0
"848","06/21/2022 19:25:10","93.3","10.4","45.2",0
"849","06/21/2022 19:25:11","93.5","10.3","45.6",0
"850","06/21/2022 19:25:12","93.4","9.5","45.2",0
"851","06/21/2022 19:25:13","92.9","9.9","44.6",0
"852","06/21/2022 19:25:14","92.9","9.7","45.1",0
"853","06/21/2022 19:25:15","92.9","10.1","44.9",0
"854","06/21/2022 19:25:16","92.3","10.4","44.1",0
"855","06/21/2022 19:25:17","93.1","9.9","44.1",0
"856","06/21/2022 19:25:18","92.9","9.8","44.4",0
"857","06/21/2022 19:25:19","92.8","9.8","44.1",0
"858","06/21/2022 19:25:20","92.8","10","44.3",0
"859","06/21/2022 19:25:21","92.7","9.9","44.6",0
"860","06/21/2022 19:25:22","93","10.1","44.6",0
"861","06/21/2022 19:25:23","92.9","9.9","45.2",0
"862","06/21/2022 19:25:24","93.8","9.6","45.4",0
"863","06/21/2022 19:25:25","94.3","10.3","45.1",0
"864","06/21/2022 19:25:26","94","10.6","44.7",0
"865","06/21/2022 19:25:27","93.9","10.5","45.1",0
"866","06/21/2022 19:25:28","94.2","10.8","44.7",0
"867","06/21/2022 19:25:29","94","10","45.1",0
"868","06/21/2022 19:25:30","94","10.1","45.2",0
"869","06/21/2022 19:25:31","94","10","45.5",0
"870","06/21/2022 19:25:32","94","10","45.8",0
"871","06/21/2022 19:25:33","94.1","10.3","45.8",0
"872","06/21/2022 19:25:34","93.9","9.7","45.3",0
"873","06/21/2022 19:25:35","93.8","10.1","45.4",0
"874","06/21/2022 19:25:36","93.7","10.2","45.4",0
"875","06/21/2022 19:25:37","93.8","10.1","45.1",0
"876","06/21/2022 19:25:38","93.8","10.2","45.3",0
"877","06/21/2022 19:25:39","93.8","10.4","45.3",0
"878","06/21/2022 19:25:40","93.8","10","45.5",0
"879","06/21/2022 19:25:41","93.9","10.3","45.6",0
"880","06/21/2022 19:25:42","94.1","10.2","45.6",0
"881","06/21/2022 19:25:43","94","9.7","45.7",0
"882","06/21/2022 19:25:44","93.6","10","45.6",0
"883","06/21/2022 19:25:45","93.5","10.3","45.3",0
"884","06/21/2022 19:25:46","93.5","9.9","45.6",0
"885","06/21/2022 19:25:47","93.2","10.2","45.4",0
"886","06/21/2022 19:25:48","93.2","9.8","45.1",0
"887","06/21/2022 19:25:49","93.5","10.2","45.5",0
"888","06/21/2022 19:25:50","92.9","9.7","45.2",0
"889","06/21/2022 19:25:51","92.9","9.9","44.5",0
"890","06/21/2022 19:25:52","93","10.2","43.9",0
"891","06/21/2022 19:25:53","92.6","10.4","44.3",0
"892","06/21/2022 19:25:54","92.7","10","44.4",0
"893","06/21/2022 19:25:55","92.5","10.1","45",0
"894","06/21/2022 19:25:56","92.5","9.8","45.1",0
"895","06/21/2022 19:25:57","92.5","9.9","45.9",0
"896","06/21/2022 19:25:58","92.5","9.7","45.4",0
"897","06/21/2022 19:25:59","93.1","9.9","45.6",0
"898","06/21/2022 19:26:00","93.1","10","45.4",0
"899","06/21/2022 19:26:01","93.1","10.1","45.5",0
"900","06/21/2022 19:26:02","93.1","10.2","44.8",0
"901","06/21/2022 19:26:03","93.5","10.2","44.8",0
"902","06/21/2022 19:26:04","94.2","10","44.4",0
"903","06/21/2022 19:26:05","94.4","10.3","44.1",0
"904","06/21/2022 19:26:06","93.8","10.1","44.4",0
"905","06/21/2022 19:26:07","93.9","10.1","44.7",0
"906","06/21/2022 19:26:08","94.1","10.2","44.8",0
"907","06/21/2022 19:26:09","94.4","10","45",0
"908","06/21/2022 19:26:10","94.4","10","45.3",0
"909","06/21/2022 19:26:11","94.7","9.6","44.9",0
"910","06/21/2022 19:26:12","95","9.9","44.2",0
"911","06/21/2022 19:26:13","95.1","10","43.8",0
"912","06/21/2022 19:26:14","95","10","43.4",0
"913","06/21/2022 19:26:15","94.9","9.9","43.5",0
"914","06/21/2022 19:26:16","94.6","9.8","43.5",0
"915","06/21/2022 19:26:17","94.6","10.3","44.5",0
"916","06/21/2022 19:26:18","94.6","10.4","44.9",0
"917","06/21/2022 19:26:19","94.6","10","44.8",0
"918","06/21/2022 19:26:20","94.6","10.2","44.6",0
"919","06/21/2022 19:26:21","94.6","10.2","44.8",0
"920","06/21/2022 19:26:22","94.6","10.2","44.9",0
"921","06/21/2022 19:26:23","94.6","10.1","45.1",0
"922","06/21/2022 19:26:24","95","10.1","45.4",0
"923","06/21/2022 19:26:25","94.8","9.9","45.6",0
"924","06/21/2022 19:26:26","95.3","10","45.4",0
"925","06/21/2022 19:26:27","95","10.6","45.2",0
"926","06/21/2022 19:26:28","93.8","10.3","45",0
"927","06/21/2022 19:26:29","93.2","10.3","45.2",0
"928","06/21/2022 19:26:30","92.3","9.8","45.3",0
"929","06/21/2022 19:26:31","92.9","10.5","45.7",0
"930","06/21/2022 19:26:32","93","9.8","46.2",0
"931","06/21/2022 19:26:33","92.7","10.3","45.8",0
"932","06/21/2022 19:26:34","92.4","10","45.6",0
"933","06/21/2022 19:26:35","92.1","10.2","45.6",0
"934","06/21/2022 19:26:36","92.8","10.3","45.6",0
"935","06/21/2022 19:26:37","93","10.1","45.5",0
"936","06/21/2022 19:26:38","93.7","9.9","45.3",0
"937","06/21/2022 19:26:39","93.2","10.5","44.9",0
"938","06/21/2022 19:26:40","93.5","10.2","44.9",0
"939","06/21/2022 19:26:41","93.9","10.2","44.6",0
"940","06/21/2022 19:26:42","94.6","10.1","44.7",0
"941","06/21/2022 19:26:43","95.1","10","45.2",0
"942","06/21/2022 19:26:44","95","10","45.7",0
"943","06/21/2022 19:26:45","95.2","10.5","45.8",0
"944","06/21/2022 19:26:46","95.2","10","45.7",0
"945","06/21/2022 19:26:47","95.2","10.8","44.9",0
"946","06/21/2022 19:26:48","95.2","10","44.6",0
"947","06/21/2022 19:26:49","95.1","10.4","45.1",0
"948","06/21/2022 19:26:50","94.2","10.2","44.6",0
"949","06/21/2022 19:26:51","94.6","10.4","44.8",0
"950","06/21/2022 19:26:52","94.6","10.2","44.8",0
"951","06/21/2022 19:26:53","95","10.3","45.1",0
"952","06/21/2022 19:26:54","94.4","10","44.9",0
"953","06/21/2022 19:26:55","94.4","10","45",0
"954","06/21/2022 19:26:56","94.4","10.2","45.1",0
"955","06/21/2022 19:26:57","94.4","10.4","45.1",0
"956","06/21/2022 19:26:58","94.4","10.5","44.9",0
"957","06/21/2022 19:26:59","94.4","10.3","44.6",0
"958","06/21/2022 19:27:00","94.5","10.4","44.3",0
"959","06/21/2022 19:27:01","94.5","10","43.8",0
"960","06/21/2022 19:27:02","94.5","10.3","43.8",0
"961","06/21/2022 19:27:03","94.6","10.3","43.8",0
"962","06/21/2022 19:27:04","94.8","9.8","43.6",0
"963","06/21/2022 19:27:05","94.9","10.2","43.7",0
"964","06/21/2022 19:27:06","94.6","10","44.4",0
"965","06/21/2022 19:27:07","94.7","10.2","44.8",0
"966","06/21/2022 19:27:08","95.1","10","44.5",0
"967","06/21/2022 19:27:09","95.1","10.1","44.9",0
"968","06/21/2022 19:27:10","94.9","10","44.9",0
"969","06/21/2022 19:27:11","95.1","10.7","44.3",0
"970","06/21/2022 19:27:12","95.1","10.1","44.3",0
"971","06/21/2022 19:27:13","95.1","10.2","44.7",0
"972","06/21/2022 19:27:14","95.7","9.7","44",0
"973","06/21/2022 19:27:15","95.7","10.4","44.3",0
"974","06/21/2022 19:27:16","95.4","10.3","44.7",0
"975","06/21/2022 19:27:17","95","10.1","44.6",0
"976","06/21/2022 19:27:18","95.1","10.3","44.5",0
"977","06/21/2022 19:27:19","94.8","10","44.8",0
"978","06/21/2022 19:27:20","94.4","9.9","44.8",0
"979","06/21/2022 19:27:21","93.8","10","44.5",0
"980","06/21/2022 19:27:22","93.9","10.4","44",0
"981","06/21/2022 19:27:23","93.9","10.1","44",0
"982","06/21/2022 19:27:24","93.9","10.4","43.8",0
"983","06/21/2022 19:27:25","93.9","10.3","43.8",0
"984","06/21/2022 19:27:26","93.9","10.2","44.3",0
"985","06/21/2022 19:27:27","94.2","10.2","44.8",0
"986","06/21/2022 19:27:28","94.2","10.4","44.9",0
"987","06/21/2022 19:27:29","94.2","10","45.4",0
"988","06/21/2022 19:27:30","94.8","10.1","45.6",0
"989","06/21/2022 19:27:31","94.8","9.8","45",0
"990","06/21/2022 19:27:32","94.8","10.4","44.6",0
"991","06/21/2022 19:27:33","94.8","10.3","44.6",0
"992","06/21/2022 19:27:34","94.8","10.4","44.1",0
"993","06/21/2022 19:27:35","94.2","10.1","44",0
"994","06/21/2022 19:27:36","94.1","10.4","44.1",0
"995","06/21/2022 19:27:37","94.1","10.1","44.3",0
"996","06/21/2022 19:27:38","94.3","10.2","44.4",0
"997","06/21/2022 19:27:39","95.2","10.4","45",0
"998","06/21/2022 19:27:40","95.4","10","44.8",0
"999","06/21/2022 19:27:41","95.3","10.3","45.1",0
"1000","06/21/2022 19:27:42","96.1","10.4","45.1",0
"1001","06/21/2022 19:27:43","96","10.1","44.9",0
"1002","06/21/2022 19:27:44","95.4","10.4","44.3",0
"1003","06/21/2022 19:27:45","95.4","10","44",0
"1004","06/21/2022 19:27:46","95.4","10.5","44.8",0
"1005","06/21/2022 19:27:47","95.4","10.4","47",0
"1006","06/21/2022 19:27:48","95.1","10.8","48.6",0
"1007","06/21/2022 19:27:49","95.9","9.6","50",0
"1008","06/21/2022 19:27:50","96.4","10.7","50.9",0
"1009","06/21/2022 19:27:51","96.4","10.2","50.3",0
"1010","06/21/2022 19:27:52","96.4","10.1","48.4",0
"1011","06/21/2022 19:27:53","96.3","10","47.2",0
"1012","06/21/2022 19:27:54","96.1","10.6","45.8",0
"1013","06/21/2022 19:27:55","96.1","10.4","45.1",0
"1014","06/21/2022 19:27:56","96.3","9.7","45.2",0
"1015","06/21/2022 19:27:57","95.9","10.2","45",0
"1016","06/21/2022 19:27:58","95.8","10.3","44.7",0
"1017","06/21/2022 19:27:59","95.8","10.4","44.8",0
"1018","06/21/2022 19:28:00","95.8","10.3","44.5",0
"1019","06/21/2022 19:28:01","95.5","10.6","44.8",0
"1020","06/21/2022 19:28:02","95.3","10.4","44.8",0
"1021","06/21/2022 19:28:03","95.3","10.2","45.5",0
"1022","06/21/2022 19:28:04","95.4","10.3","45.5",0
"1023","06/21/2022 19:28:05","94.6","10","46.2",0
"1024","06/21/2022 19:28:06","94","10","45.6",0
"1025","06/21/2022 19:28:07","94","10.6","45.6",0
"1026","06/21/2022 19:28:08","94","10.4","45.1",0
"1027","06/21/2022 19:28:09","94.3","10.5","45",0
"1028","06/21/2022 19:28:10","95","10.3","45.2",0
"1029","06/21/2022 19:28:11","95.3","10.4","45.3",0
"1030","06/21/2022 19:28:12","96.2","10.2","49.1",0
"1031","06/21/2022 19:28:13","96.2","10.4","48.8",0
"1032","06/21/2022 19:28:14","96.2","25","48.5",0
"1033","06/21/2022 19:28:15","96.2","10","47.8",0
"1034","06/21/2022 19:28:16","96.2","14","47.3",0
"1035","06/21/2022 19:28:17","96.2","13","43.5",0
"1036","06/21/2022 19:28:18","96.2","16","43.5",0
"1037","06/21/2022 19:28:19","96.2","10","43.6",0
"1038","06/21/2022 19:28:20","96.2","15","49",0
"1039","06/21/2022 19:28:21","96.2","12","49.5",0
"1040","06/21/2022 19:28:22","96.2","5.5","49.9",0
"1041","06/21/2022 19:28:23","96.2","9.8","50",0
"1042","06/21/2022 19:28:24","96.2","10.3","49.9",0
"1043","06/21/2022 19:28:25","96.2","10.5","44.4",0
"1044","06/21/2022 19:28:26","96.5","10.4","43.8",0
"1045","06/21/2022 19:28:27","95.1","10.1","43.5",0
"1046","06/21/2022 19:28:28","94.9","9.9","43.3",0
"1047","06/21/2022 19:28:29","95.3","10.6","43.7",0
"1048","06/21/2022 19:28:30","95.3","10.5","44",0
"1049","06/21/2022 19:28:31","95.5","10.3","44.2",0
"1050","06/21/2022 19:28:32","94.9","10","44.5",0
"1051","06/21/2022 19:28:33","94.9","10.2","44.9",0
"1052","06/21/2022 19:28:34","94.5","10.4","44.8",0
"1053","06/21/2022 19:28:35","94.6","10.1","44.5",0
"1054","06/21/2022 19:28:36","94.7","10.6","44.3",0
"1055","06/21/2022 19:28:37","94.4","10.5","44.5",0
"1056","06/21/2022 19:28:38","93.8","10.1","44.2",0
"1057","06/21/2022 19:28:39","93.9","10.5","44.4",0
"1058","06/21/2022 19:28:40","93.7","10.5","44.8",0
"1059","06/21/2022 19:28:41","93.1","10","44.8",0
"1060","06/21/2022 19:28:42","94.3","10.3","44.9",0
"1061","06/21/2022 19:28:43","95.2","10.4","44.9",0
"1062","06/21/2022 19:28:44","95","10.5","44.9",0
"1063","06/21/2022 19:28:45","95.1","10.4","45.2",0
"1064","06/21/2022 19:28:46","94.7","10.4","45.5",0
"1065","06/21/2022 19:28:47","95.5","10.6","45.6",0
"1066","06/21/2022 19:28:48","95.7","10.3","45.7",0
"1067","06/21/2022 19:28:49","96.1","10.4","45.6",0
"1068","06/21/2022 19:28:50","95.8","10.3","45",0
"1069","06/21/2022 19:28:51","96.2","10.2","44.8",0
"1070","06/21/2022 19:28:52","96.3","10.5","44.4",0
"1071","06/21/2022 19:28:53","96.8","10.7","44.3",0
"1072","06/21/2022 19:28:54","97.1","9.9","44.1",0
"1073","06/21/2022 19:28:55","96.9","10.3","44.4",0
"1074","06/21/2022 19:28:56","97","10.4","44.2",0
"1075","06/21/2022 19:28:57","97","10.3","44",0
"1076","06/21/2022 19:28:58","96.5","10.6","44.2",0
"1077","06/21/2022 19:28:59","96.6","10","44.2",0
"1078","06/21/2022 19:29:00","95.9","10.2","44.1",0
"1079","06/21/2022 19:29:01","96.1","10.3","44.8",0
"1080","06/21/2022 19:29:02","96.2","10.4","44.7",0
"1081","06/21/2022 19:29:03","95.9","10.1","44.5",0
"1082","06/21/2022 19:29:04","95.9","9.9","45",0
"1083","06/21/2022 19:29:05","95.9","10.6","44.6",0
"1084","06/21/2022 19:29:06","95.9","10.4","43.9",0
"1085","06/21/2022 19:29:07","96.6","10.8","43.9",0
"1086","06/21/2022 19:29:08","96.5","10.2","44",0
"1087","06/21/2022 19:29:09","96.3","10.6","43.8",0
"1088","06/21/2022 19:29:10","96.3","10.5","44.3",0
"1089","06/21/2022 19:29:11","96","10.4","44.5",0
"1090","06/21/2022 19:29:12","95.5","10.2","44.5",0
"1091","06/21/2022 19:29:13","95.3","10.2","44.8",0
"1092","06/21/2022 19:29:14","95.3","10.7","45.7",0
"1093","06/21/2022 19:29:15","95.3","10.3","45.9",0
"1094","06/21/2022 19:29:16","95.5","10.2","46.4",0
"1095","06/21/2022 19:29:17","96.3","10.1","46.5",0
"1096","06/21/2022 19:29:18","96","10.6","46.1",0
"1097","06/21/2022 19:29:19","96.1","10.6","44.8",0
"1098","06/21/2022 19:29:20","96","10.3","44.4",0
"1099","06/21/2022 19:29:21","96.5","10.1","44.2",0
"1100","06/21/2022 19:29:22","96.1","10","44.4",0
"1101","06/21/2022 19:29:23","95.8","10.2","44.7",0
"1102","06/21/2022 19:29:24","96","10.3","44.8",0
"1103","06/21/2022 19:29:25","96.2","10.1","44.8",0
"1104","06/21/2022 19:29:26","96.2","10.2","44.7",0
"1105","06/21/2022 19:29:27","95.9","10.5","45",0
"1106","06/21/2022 19:29:28","95.1","10.4","44.6",0
"1107","06/21/2022 19:29:29","95.2","10.3","44.6",0
"1108","06/21/2022 19:29:30","95.7","10.4","45",0
"1109","06/21/2022 19:29:31","95.7","10.5","44.9",0
"1110","06/21/2022 19:29:32","95.5","9.9","44.4",0
"1111","06/21/2022 19:29:33","95.8","10.4","44.5",0
"1112","06/21/2022 19:29:34","95.8","10.9","44.6",0
"1113","06/21/2022 19:29:35","95.8","10.5","44.9",0
"1114","06/21/2022 19:29:36","94.8","10.3","44.7",0
"1115","06/21/2022 19:29:37","94.4","10.2","44.7",0
"1116","06/21/2022 19:29:38","94.5","10.3","44.6",0
"1117","06/21/2022 19:29:39","94","10.2","44.3",0
"1118","06/21/2022 19:29:40","93.3","10.6","43.5",0
"1119","06/21/2022 19:29:41","93.3","10.4","43.7",0
"1120","06/21/2022 19:29:42","92.9","10.2","43.8",0
"1121","06/21/2022 19:29:43","92.3","9.9","44.1",0
"1122","06/21/2022 19:29:44","92.4","10","44",0
"1123","06/21/2022 19:29:45","93.2","10.1","44.2",0
"1124","06/21/2022 19:29:46","93.3","10.6","44",0
"1125","06/21/2022 19:29:47","92.8","10.1","44.3",0
"1126","06/21/2022 19:29:48","92.9","10.5","44.2",0
"1127","06/21/2022 19:29:49","92.8","10","44.3",0
"1128","06/21/2022 19:29:50","91.6","10.6","44.6",0
"1129","06/21/2022 19:29:51","91.7","10.4","45",0
"1130","06/21/2022 19:29:52","91.8","10.6","44.8",0
"1131","06/21/2022 19:29:53","90.3","10.6","45.1",0
"1132","06/21/2022 19:29:54","90.6","10.3","45.2",0
"1133","06/21/2022 19:29:55","90.8","10.3","45.3",0
"1134","06/21/2022 19:29:56","90.8","10.1","45.3",0
"1135","06/21/2022 19:29:57","90.8","10.6","45.1",0
"1136","06/21/2022 19:29:58","91.9","10.4","45",0
"1137","06/21/2022 19:29:59","92.2","10.7","45.7",0
"1138","06/21/2022 19:30:00","92.3","10.5","45.5",0
"1139","06/21/2022 19:30:01","92.4","10.4","45.4",0
"1140","06/21/2022 19:30:02","92.2","10.8","45.5",0
"1141","06/21/2022 19:30:03","92.6","10.4","45.2",0
"1142","06/21/2022 19:30:04","93.9","10.7","44.8",0
"1143","06/21/2022 19:30:05","94.1","10.2","44.3",0
"1144","06/21/2022 19:30:06","93.8","10.4","44.7",0
"1145","06/21/2022 19:30:07","94.5","10.5","45",0
"1146","06/21/2022 19:30:08","95.3","9.9","44.8",0
"1147","06/21/2022 19:30:09","95.9","10.1","45.2",0
"1148","06/21/2022 19:30:10","96.5","10.3","45.6",0
"1149","06/21/2022 19:30:11","96.5","10.5","45.2",0
"1150","06/21/2022 19:30:12","96.5","10.6","45.1",0
"1151","06/21/2022 19:30:13","96.5","10.2","45.1",0
"1152","06/21/2022 19:30:14","96.5","10.5","44.4",0
"1153","06/21/2022 19:30:15","96.5","10.1","44.6",0
"1154","06/21/2022 19:30:16","96.5","10.6","44.4",0
"1155","06/21/2022 19:30:17","96.5","10.6","44.5",0
"1156","06/21/2022 19:30:18","96.5","10","44.6",0
"1157","06/21/2022 19:30:19","97","10.3","44.8",0
"1158","06/21/2022 19:30:20","97","10.5","44.3",0
"1159","06/21/2022 19:30:21","97","10","44.1",0
"1160","06/21/2022 19:30:22","97","10.6","43.7",0
"1161","06/21/2022 19:30:23","97.1","10.2","43.6",0
"1162","06/21/2022 19:30:24","97","9.8","43.3",0
"1163","06/21/2022 19:30:25","97.1","10.4","43.4",0
"1164","06/21/2022 19:30:26","97.1","10.6","43.8",0
"1165","06/21/2022 19:30:27","97.1","10.2","43.7",0
"1166","06/21/2022 19:30:28","97.1","10.6","43.6",0
"1167","06/21/2022 19:30:29","97.1","10.5","44.3",0
"1168","06/21/2022 19:30:30","97.1","10.4","44.7",0
"1169","06/21/2022 19:30:31","97","10.9","44.3",0
"1170","06/21/2022 19:30:32","97","10.6","44.2",0
"1171","06/21/2022 19:30:33","97","10","44.4",0
"1172","06/21/2022 19:30:34","97","10.6","44",0
"1173","06/21/2022 19:30:35","96.7","10.4","44.1",0
"1174","06/21/2022 19:30:36","96.5","10.6","44.2",0
"1175","06/21/2022 19:30:37","96.5","10.3","44.3",0
"1176","06/21/2022 19:30:38","96.5","10.4","44.6",0
"1177","06/21/2022 19:30:39","96.7","10.3","44.5",0
"1178","06/21/2022 19:30:40","96.8","10.3","44.6",0
"1179","06/21/2022 19:30:41","96.8","10.5","44.5",0
"1180","06/21/2022 19:30:42","97","10.5","44.6",0
"1181","06/21/2022 19:30:43","97.1","10.2","44.7",0
"1182","06/21/2022 19:30:44","97.1","10.3","44.6",0
"1183","06/21/2022 19:30:45","97.1","10.5","43.8",0
"1184","06/21/2022 19:30:46","97.1","10.4","44",0
"1185","06/21/2022 19:30:47","97.1","10.4","44.1",0
"1186","06/21/2022 19:30:48","97","10.4","44",0
"1187","06/21/2022 19:30:49","97.1","10.4","44.5",0
"1188","06/21/2022 19:30:50","97.1","10.4","45.3",0
"1189","06/21/2022 19:30:51","97","10.2","45.2",0
"1190","06/21/2022 19:30:52","96.8","10.2","45.2",0
"1191","06/21/2022 19:30:53","96.5","9.8","45.3",0
"1192","06/21/2022 19:30:54","96.8","10.3","44.5",0
"1193","06/21/2022 19:30:55","96.5","10.4","44",0
"1194","06/21/2022 19:30:56","96.5","10.9","44.2",0
"1195","06/21/2022 19:30:57","96.8","10.5","44.1",0
"1196","06/21/2022 19:30:58","96.8","9.8","44.2",0
"1197","06/21/2022 19:30:59","96.9","10.3","44.5",0
"1198","06/21/2022 19:31:00","96.5","10.4","44.6",0
"1199","06/21/2022 19:31:01","95.9","10.3","44.3",0
"1200","06/21/2022 19:31:02","95.2","10.2","43.9",0
"1201","06/21/2022 19:31:03","94.5","10.2","43.5",0
"1202","06/21/2022 19:31:04","93.6","10.3","43.6",0
"1203","06/21/2022 19:31:05","92.9","10.3","43.6",0
"1204","06/21/2022 19:31:06","93.5","10.3","43.6",0
"1205","06/21/2022 19:31:07","94.1","10.3","44.1",0
"1206","06/21/2022 19:31:08","94.6","10","44.3",0
"1207","06/21/2022 19:31:09","95.3","10.4","43.9",0
"1208","06/21/2022 19:31:10","95.6","10.8","43.7",0
"1209","06/21/2022 19:31:11","95.6","10.2","43.7",0
"1210","06/21/2022 19:31:12","95.6","10.6","43.7",0
"1211","06/21/2022 19:31:13","95.6","10.1","43.7",0
"1212","06/21/2022 19:31:14","95.6","10.4","44.3",0
"1213","06/21/2022 19:31:15","96.1","10.4","45.4",0
"1214","06/21/2022 19:31:16","96.1","9.6","45.2",0
"1215","06/21/2022 19:31:17","96.1","10.4","45.8",0
"1216","06/21/2022 19:31:18","96.1","10.4","46.6",0
"1217","06/21/2022 19:31:19","96.1","10.4","46.4",0
"1218","06/21/2022 19:31:20","96.1","9.8","45.4",0
"1219","06/21/2022 19:31:21","96.1","10.7","45.9",0
"1220","06/21/2022 19:31:22","96.1","10.3","45.7",0
"1221","06/21/2022 19:31:23","95.2","10.3","44.6",0
"1222","06/21/2022 19:31:24","94.9","10.6","44.3",1
"1223","06/21/2022 19:31:25","94.9","10.6","45",1
"1224","06/21/2022 19:31:26","93.7","10.4","44.9",1
"1225","06/21/2022 19:31:27","89.7","10.3","45.3",1
"1226","06/21/2022 19:31:28","89.7","10.1","45.4",1
"1227","06/21/2022 19:31:29","89.7","10.7","46.1",1
"1228","06/21/2022 19:31:30","89.7","10.3","46.5",1
"1229","06/21/2022 19:31:31","87.6","11","47.3",1
"1230","06/21/2022 19:31:32","86.9","10.3","46.6",1
"1231","06/21/2022 19:31:33","86.9","10","46.8",1
"1232","06/21/2022 19:31:34","86.9","10.6","46.8",1
"1233","06/21/2022 19:31:35","85.8","10.4","46.4",1
"1234","06/21/2022 19:31:36","82.9","10.3","45.9",1
"1235","06/21/2022 19:31:37","84.4","10.5","45.9",1
"1236","06/21/2022 19:31:38","84.6","10.3","46.3",1
"1237","06/21/2022 19:31:39","84.6","10","46.3",1
"1238","06/21/2022 19:31:40","84.6","10.7","46.2",1
"1239","06/21/2022 19:31:41","85.1","10.1","46.5",1
"1240","06/21/2022 19:31:42","83","10","46.8",1
"1241","06/21/2022 19:31:43","83","11.1","46.4",1
"1242","06/21/2022 19:31:44","83.2","10.5","45.4",1
"1243","06/21/2022 19:31:45","87.8","10.7","44.5",1
"1244","06/21/2022 19:31:46","90","10.3","42.9",1
"1245","06/21/2022 19:31:47","91.9","10.1","41.9",1
"1246","06/21/2022 19:31:48","91.4","10.3","41.6",1
"1247","06/21/2022 19:31:49","94.1","10.2","41.6",1
"1248","06/21/2022 19:31:50","95.2","10.3","41.8",1
"1249","06/21/2022 19:31:51","96","10.3","41.8",1
"1250","06/21/2022 19:31:52","95.9","10.5","41.3",1
"1251","06/21/2022 19:31:53","96.3","10.1","41",1
"1252","06/21/2022 19:31:54","96.2","10.3","40.2",1
"1253","06/21/2022 19:31:55","95.9","10.6","39.5",1
"1254","06/21/2022 19:31:56","95.6","10.5","39.5",1
"1255","06/21/2022 19:31:57","95.1","10.4","39.6",1
"1256","06/21/2022 19:31:58","94.1","10.5","39.6",1
"1257","06/21/2022 19:31:59","93.8","10.5","40.5",1
"1258","06/21/2022 19:32:00","93.9","10.4","40.8",1
"1259","06/21/2022 19:32:01","93.9","10.4","40.9",1
"1260","06/21/2022 19:32:02","93.9","10.3","41.3",1
"1261","06/21/2022 19:32:03","93.9","10.6","41.9",1
"1262","06/21/2022 19:32:04","93.9","10.7","43.7",1
"1263","06/21/2022 19:32:05","93.9","10.5","46.7",1
"1264","06/21/2022 19:32:06","93.9","9.5","49.5",1
"1265","06/21/2022 19:32:07","94.1","11.5","52.4",1
"1266","06/21/2022 19:32:08","94.3","11","55.8",1
"1267","06/21/2022 19:32:09","94.3","10.2","57",1
"1268","06/21/2022 19:32:10","94.3","14.4","56.9",1
"1269","06/21/2022 19:32:11","94.3","9.7","57.1",1
"1270","06/21/2022 19:32:12","94.3","10.4","56.9",1
"1271","06/21/2022 19:32:13","94.6","9.5","55.6",1
"1272","06/21/2022 19:32:14","94.9","11.5","55",1
"1273","06/21/2022 19:32:15","94.9","8.7","54",1
"1274","06/21/2022 19:32:16","95","10.8","52.1",1
"1275","06/21/2022 19:32:17","95","11","50.5",1
"1276","06/21/2022 19:32:18","95","10.1","48.8",1
"1277","06/21/2022 19:32:19","95","11.1","47.3",1
"1278","06/21/2022 19:32:20","95","10.9","46.2",1
"1279","06/21/2022 19:32:21","95","10.2","46.3",1
"1280","06/21/2022 19:32:22","95","9.8","46.1",1
"1281","06/21/2022 19:32:23","95","9.6","45.8",1
"1282","06/21/2022 19:32:24","95","10.2","45.5",1
"1283","06/21/2022 19:32:25","95.1","10.9","45.6",1
"1284","06/21/2022 19:32:26","94.5","10.1","45.1",1
"1285","06/21/2022 19:32:27","94.6","10.3","45",1
"1286","06/21/2022 19:32:28","94.5","10.4","44.4",1
"1287","06/21/2022 19:32:29","95","10.4","44.6",1
"1288","06/21/2022 19:32:30","95.3","10.8","44.6",1
"1289","06/21/2022 19:32:31","95.3","10.4","44.4",1
"1290","06/21/2022 19:32:32","95.3","11.2","44.1",1
"1291","06/21/2022 19:32:33","95.3","10.3","43.7",1
"1292","06/21/2022 19:32:34","95.6","10.7","42.7",1
"1293","06/21/2022 19:32:35","95.5","10.7","41.8",1
"1294","06/21/2022 19:32:36","95.7","10.2","41.5",1
"1295","06/21/2022 19:32:37","96.1","10.6","42.8",1
"1296","06/21/2022 19:32:38","95.8","10.3","44",1
"1297","06/21/2022 19:32:39","95.6","10.8","44.9",1
"1298","06/21/2022 19:32:40","95.6","10.2","45.3",1
"1299","06/21/2022 19:32:41","95.6","9.8","45.1",1
"1300","06/21/2022 19:32:42","95.6","10.6","43.2",1
"1301","06/21/2022 19:32:43","95.6","10.2","41.7",1
"1302","06/21/2022 19:32:44","95","10.1","40.7",1
"1303","06/21/2022 19:32:45","94.3","10.7","40.3",1
"1304","06/21/2022 19:32:46","94.3","10.3","39.9",1
"1305","06/21/2022 19:32:47","94.2","10.5","40.9",1
"1306","06/21/2022 19:32:48","94.4","10.5","42",1
"1307","06/21/2022 19:32:49","94","9.9","42.6",1
"1308","06/21/2022 19:32:50","94","10.8","42.7",1
"1309","06/21/2022 19:32:51","94","10","42.8",1
"1310","06/21/2022 19:32:52","94","10.5","42.2",1
"1311","06/21/2022 19:32:53","94","10.3","42.7",1
"1312","06/21/2022 19:32:54","94","10.5","42.7",1
"1313","06/21/2022 19:32:55","94","10.2","42.8",1
"1314","06/21/2022 19:32:56","94","10.4","43.1",1
"1315","06/21/2022 19:32:57","94","10.9","42.5",1
"1316","06/21/2022 19:32:58","94.1","10","40.5",1
"1317","06/21/2022 19:32:59","92.5","10.7","39.6",1
"1318","06/21/2022 19:33:00","92.7","10.4","39.3",1
"1319","06/21/2022 19:33:01","91.8","10.5","38.3",1
"1320","06/21/2022 19:33:02","91.6","10.1","38.2",1
"1321","06/21/2022 19:33:03","91.4","10.5","38.9",1
"1322","06/21/2022 19:33:04","90.6","10.5","38.5",1
"1323","06/21/2022 19:33:05","90.6","10.4","38.2",1
"1324","06/21/2022 19:33:06","89.2","10.4","38.3",1
"1325","06/21/2022 19:33:07","89.4","10.5","38.8",1
"1326","06/21/2022 19:33:08","89.2","10.4","38",1
"1327","06/21/2022 19:33:09","89.1","10.3","38.4",1
"1328","06/21/2022 19:33:10","88.9","10.4","38.8",1
"1329","06/21/2022 19:33:11","88.1","10.4","38.9",1
"1330","06/21/2022 19:33:12","88.6","10.5","38.5",1
"1331","06/21/2022 19:33:13","88.4","10.4","38.8",1
"1332","06/21/2022 19:33:14","88.6","10.6","38.5",1
"1333","06/21/2022 19:33:15","88.3","10.4","38.2",1
"1334","06/21/2022 19:33:16","87.9","10.6","38.3",1
"1335","06/21/2022 19:33:17","87.9","10.1","39.3",1
"1336","06/21/2022 19:33:18","88.1","10.2","39.7",1
"1337","06/21/2022 19:33:19","88.1","10.3","40.2",1
"1338","06/21/2022 19:33:20","88.1","10.7","40.3",2
"1339","06/21/2022 19:33:21","87.7","10.7","40.2",2
"1340","06/21/2022 19:33:22","87","10.2","39.3",2
"1341","06/21/2022 19:33:23","86.6","10.7","39.4",2
"1342","06/21/2022 19:33:24","86.1","10.7","39.5",2
"1343","06/21/2022 19:33:25","86.1","10.3","40",2
"1344","06/21/2022 19:33:26","85.7","10.2","40.1",2
"1345","06/21/2022 19:33:27","85.5","10.7","40.4",2
"1346","06/21/2022 19:33:28","86.1","10.5","40.6",2
"1347","06/21/2022 19:33:29","86.2","10.1","40.7",2
"1348","06/21/2022 19:33:30","86.8","10.5","40.6",2
"1349","06/21/2022 19:33:31","87.6","10.4","41",2
"1350","06/21/2022 19:33:32","87.5","10.3","40.9",2
"1351","06/21/2022 19:33:33","88.2","10.6","41.1",2
"1352","06/21/2022 19:33:34","88.9","10.7","41",2
"1353","06/21/2022 19:33:35","88.9","10.4","40.8",2
"1354","06/21/2022 19:33:36","89.8","10.6","41",2
"1355","06/21/2022 19:33:37","89.5","10.4","41.2",2
"1356","06/21/2022 19:33:38","90.1","10.4","41.1",2
"1357","06/21/2022 19:33:39","91.1","10.5","42.1",2
"1358","06/21/2022 19:33:40","91.7","10.4","42.2",2
"1359","06/21/2022 19:33:41","92.1","10.5","42.3",2
"1360","06/21/2022 19:33:42","92.6","10.4","42.6",2
"1361","06/21/2022 19:33:43","92.2","10.7","42.4",2
"1362","06/21/2022 19:33:44","92.5","10.7","41.4",2
"1363","06/21/2022 19:33:45","92.3","10.6","41.6",2
"1364","06/21/2022 19:33:46","92.5","10.2","41.2",2
"1365","06/21/2022 19:33:47","92.5","10.6","40.4",2
"1366","06/21/2022 19:33:48","92.1","10.6","40.2",2
"1367","06/21/2022 19:33:49","91.7","10.7","40.3",2
"1368","06/21/2022 19:33:50","91.8","10.5","40",2
"1369","06/21/2022 19:33:51","91.7","10.6","39.8",2
"1370","06/21/2022 19:33:52","90.7","10.5","40.3",2
"1371","06/21/2022 19:33:53","89.6","10.5","40.5",2
"1372","06/21/2022 19:33:54","89","10.5","40.4",2
"1373","06/21/2022 19:33:55","89","10.4","40.7",2
"1374","06/21/2022 19:33:56","89","10.6","41.1",2
"1375","06/21/2022 19:33:57","88.7","10.4","41",2
"1376","06/21/2022 19:33:58","87.6","10.6","41.5",2
"1377","06/21/2022 19:33:59","88","10.8","41.8",2
"1378","06/21/2022 19:34:00","88.6","10.5","41.8",2
"1379","06/21/2022 19:34:01","89","10.5","42",2
"1380","06/21/2022 19:34:02","89.1","10.5","42.3",2
"1381","06/21/2022 19:34:03","89.6","10.6","42",2
"1382","06/21/2022 19:34:04","90.3","10.6","42.3",2
"1383","06/21/2022 19:34:05","88.7","10.6","42.5",2
"1384","06/21/2022 19:34:06","89.6","10.6","42.7",2
"1385","06/21/2022 19:34:07","90.2","10.6","42.7",2
"1386","06/21/2022 19:34:08","90.2","10.6","42.9",2
"1387","06/21/2022 19:34:09","90.2","10.4","42.9",2
"1388","06/21/2022 19:34:10","90.2","10.5","42.6",2
"1389","06/21/2022 19:34:11","90.7","10.5","42.7",2
"1390","06/21/2022 19:34:12","89.1","10.8","42.5",2
"1391","06/21/2022 19:34:13","89.9","10.3","42",2
"1392","06/21/2022 19:34:14","91","10.6","41.8",2
"1393","06/21/2022 19:34:15","90.4","10.7","42.4",2
"1394","06/21/2022 19:34:16","90.6","10.7","42.4",2
"1395","06/21/2022 19:34:17","90.5","10.2","42.8",2
"1396","06/21/2022 19:34:18","90.5","11.3","43.3",2
"1397","06/21/2022 19:34:19","90.5","10.7","43.4",2
"1398","06/21/2022 19:34:20","89.5","10.2","43.3",2
"1399","06/21/2022 19:34:21","89.4","10.4","44",2
"1400","06/21/2022 19:34:22","88.5","10.6","44.9",2
"1401","06/21/2022 19:34:23","89","10.3","44.9",2
"1402","06/21/2022 19:34:24","89.3","10.3","44.7",2
"1403","06/21/2022 19:34:25","89.6","10.5","44.6",2
"1404","06/21/2022 19:34:26","90.7","10.5","43.4",2
"1405","06/21/2022 19:34:27","91.1","10.7","42.4",2
"1406","06/21/2022 19:34:28","90.4","10.5","42.7",2
"1407","06/21/2022 19:34:29","92.3","11","43",2
"1408","06/21/2022 19:34:30","92.6","10.4","43.5",2
"1409","06/21/2022 19:34:31","92.6","10.4","44.1",2
"1410","06/21/2022 19:34:32","93.4","10.7","44.5",2
"1411","06/21/2022 19:34:33","92.9","10.3","44.5",2
"1412","06/21/2022 19:34:34","93.3","10.8","44.6",2
"1413","06/21/2022 19:34:35","93.4","10.6","44.2",2
"1414","06/21/2022 19:34:36","93.4","10.3","45.1",2
"1415","06/21/2022 19:34:37","92.3","10.9","46",2
"1416","06/21/2022 19:34:38","91.9","11","46.2",2
"1417","06/21/2022 19:34:39","91.9","11.7","46.2",2
"1418","06/21/2022 19:34:40","92.5","10.3","46.3",2
"1419","06/21/2022 19:34:41","91.3","10.8","45.1",2
"1420","06/21/2022 19:34:42","91.6","10.5","43.9",2
"1421","06/21/2022 19:34:43","92.1","10.2","43.8",2
"1422","06/21/2022 19:34:44","92.3","10.4","43.4",2
"1423","06/21/2022 19:34:45","91.2","10.4","43.3",2
"1424","06/21/2022 19:34:46","91.1","10.4","43.3",2
"1425","06/21/2022 19:34:47","90.7","10.6","43.3",2
"1426","06/21/2022 19:34:48","89","10.4","43",2
"1427","06/21/2022 19:34:49","89.7","10.7","43.3",2
"1428","06/21/2022 19:34:50","88.8","10.4","43.4",2
"1429","06/21/2022 19:34:51","90","10.5","43",2
"1430","06/21/2022 19:34:52","91.1","10.6","42.8",2
"1431","06/21/2022 19:34:53","92","10.5","42.9",2
"1432","06/21/2022 19:34:54","92.9","10.4","42.6",2
"1433","06/21/2022 19:34:55","93.5","10.8","42.5",2
"1434","06/21/2022 19:34:56","94.1","10.4","42.8",2
"1435","06/21/2022 19:34:57","94.1","10.8","43.2",2
"1436","06/21/2022 19:34:58","94.1","10.5","43",2
"1437","06/21/2022 19:34:59","94.3","10.4","43",2
"1438","06/21/2022 19:35:00","94.3","10.8","43.2",2
"1439","06/21/2022 19:35:01","94.3","10.7","43.2",2
"1440","06/21/2022 19:35:02","94.3","10.4","42.8",2
"1441","06/21/2022 19:35:03","93.6","10.9","43",2
"1442","06/21/2022 19:35:04","93.6","10.6","43",2
"1443","06/21/2022 19:35:05","93.9","10.5","42.6",2
"1444","06/21/2022 19:35:06","94.1","10.3","44.8",2
"1445","06/21/2022 19:35:07","94.1","10.9","44.7",2
"1446","06/21/2022 19:35:08","94.1","10.8","44.3",2
"1447","06/21/2022 19:35:09","93.7","10.4","44.4",2
"1448","06/21/2022 19:35:10","93.2","10.7","45.5",2
"1449","06/21/2022 19:35:11","93.9","10.6","42.9",2
"1450","06/21/2022 19:35:12","93.9","10.2","42.8",2
"1451","06/21/2022 19:35:13","93.9","10.4","43.3",2
"1452","06/21/2022 19:35:14","93.9","10.5","43.2",2
"1453","06/21/2022 19:35:15","94.6","10","42.3",2
"1454","06/21/2022 19:35:16","94.4","10.3","43",2
"1455","06/21/2022 19:35:17","94.3","10.9","42.9",2
"1456","06/21/2022 19:35:18","94.4","10.5","42.6",2
"1457","06/21/2022 19:35:19","94.4","10.8","42.5",2
"1458","06/21/2022 19:35:20","94.4","10.8","42.7",2
"1459","06/21/2022 19:35:21","93.6","10.4","42.1",2
"1460","06/21/2022 19:35:22","93.8","10.7","42.2",2
"1461","06/21/2022 19:35:23","93.8","10.5","42.8",2
"1462","06/21/2022 19:35:24","93.5","10.5","43.6",2
"1463","06/21/2022 19:35:25","92.3","10.6","44",2
"1464","06/21/2022 19:35:26","92.3","10.3","44.6",2
"1465","06/21/2022 19:35:27","92.3","10.6","44.7",2
"1466","06/21/2022 19:35:28","92.3","10.2","43.9",2
"1467","06/21/2022 19:35:29","91.3","10.7","42.9",2
"1468","06/21/2022 19:35:30","90.3","10.6","42.4",2
"1469","06/21/2022 19:35:31","87.5","10.2","41.8",2
"1470","06/21/2022 19:35:32","86.9","10.5","41.7",2
"1471","06/21/2022 19:35:33","87.7","10.3","42",2
"1472","06/21/2022 19:35:34","88.6","10.4","44",2
"1473","06/21/2022 19:35:35","89.5","10.6","44.5",2
"1474","06/21/2022 19:35:36","90.9","11.1","44.7",2
"1475","06/21/2022 19:35:37","92","10.6","45.1",2
"1476","06/21/2022 19:35:38","92.6","10.6","45.2",2
